-- MySQL dump 10.13  Distrib 8.1.0, for macos13.3 (arm64)
--
-- Host: 127.0.0.1    Database: db
-- ------------------------------------------------------
-- Server version	5.5.5-10.4.28-MariaDB-1:10.4.28+maria~ubu2004-log

/*!40101 SET @OLD_CHARACTER_SET_CLIENT=@@CHARACTER_SET_CLIENT */;
/*!40101 SET @OLD_CHARACTER_SET_RESULTS=@@CHARACTER_SET_RESULTS */;
/*!40101 SET @OLD_COLLATION_CONNECTION=@@COLLATION_CONNECTION */;
/*!50503 SET NAMES utf8mb4 */;
/*!40103 SET @OLD_TIME_ZONE=@@TIME_ZONE */;
/*!40103 SET TIME_ZONE='+00:00' */;
/*!40014 SET @OLD_UNIQUE_CHECKS=@@UNIQUE_CHECKS, UNIQUE_CHECKS=0 */;
/*!40014 SET @OLD_FOREIGN_KEY_CHECKS=@@FOREIGN_KEY_CHECKS, FOREIGN_KEY_CHECKS=0 */;
/*!40101 SET @OLD_SQL_MODE=@@SQL_MODE, SQL_MODE='NO_AUTO_VALUE_ON_ZERO' */;
/*!40111 SET @OLD_SQL_NOTES=@@SQL_NOTES, SQL_NOTES=0 */;

--
-- Table structure for table `comments`
--

DROP TABLE IF EXISTS `comments`;
/*!40101 SET @saved_cs_client     = @@character_set_client */;
/*!50503 SET character_set_client = utf8mb4 */;
CREATE TABLE `comments` (
  `message_id` int(10) unsigned NOT NULL AUTO_INCREMENT,
  `user_id` int(11) DEFAULT NULL,
  `movie_id` int(11) DEFAULT NULL,
  `message` varchar(512) DEFAULT NULL,
  `created_on` datetime DEFAULT NULL,
  PRIMARY KEY (`message_id`)
) ENGINE=InnoDB AUTO_INCREMENT=1002 DEFAULT CHARSET=utf8 COLLATE=utf8_general_ci;
/*!40101 SET character_set_client = @saved_cs_client */;

--
-- Dumping data for table `comments`
--

/*!40000 ALTER TABLE `comments` DISABLE KEYS */;
INSERT INTO `comments` VALUES (1,178,1,'This is my first message','2022-09-24 12:24:55'),(2,111,1,'Visionary modular function','2022-01-19 15:47:34'),(3,118,1,'Mandatory leading edge open system','2022-02-12 09:30:00'),(4,55,1,'Centralized neutral utilisation','2022-03-24 12:06:09'),(5,170,1,'Right-sized intermediate algorithm','2022-06-23 17:44:20'),(6,185,1,'Intuitive responsive circuit','2022-09-10 12:37:51'),(7,67,1,'Team-oriented analyzing focus group','2022-04-24 16:13:15'),(8,177,1,'Managed uniform open architecture','2022-06-16 12:06:33'),(9,184,1,'Vision-oriented explicit system engine','2022-08-04 01:41:02'),(10,189,1,'Horizontal systemic solution','2022-07-12 09:31:05'),(11,192,1,'Face to face neutral leverage','2022-05-07 03:39:13'),(12,194,1,'Operative analyzing initiative','0000-00-00 00:00:00'),(13,194,1,'Progressive user-facing project','2022-01-06 16:58:39'),(14,189,1,'Digitized homogeneous intranet','2022-08-21 08:17:57'),(15,162,1,'Ameliorated cohesive core','2022-02-08 13:43:49'),(16,190,1,'Visionary systematic knowledge user','2021-12-23 15:54:14'),(17,117,1,'Organic incremental instruction set','2021-10-23 01:03:09'),(18,114,1,'Customizable bottom-line info-mediaries','2021-11-10 21:47:57'),(19,165,1,'Cross-platform systemic complexity','2022-09-10 02:50:07'),(20,136,1,'Quality-focused full-range encoding','2022-09-13 20:50:12'),(21,135,1,'Advanced systemic complexity','2022-01-20 07:33:36'),(22,66,1,'Future-proofed intangible throughput','2022-08-26 07:15:01'),(23,174,1,'Compatible fresh-thinking forecast','2022-08-13 02:41:17'),(24,171,1,'Reduced high-level circuit','2022-07-20 21:13:14'),(25,132,1,'Re-contextualized 4th generation concept','2022-09-03 20:32:43'),(26,98,1,'Triple-buffered background firmware','2022-06-14 05:30:48'),(27,192,1,'Extended tertiary analyzer','2022-03-01 18:14:14'),(28,166,1,'Enhanced discrete task-force','2022-08-22 04:58:33'),(29,55,1,'Innovative zero administration definition','2022-02-25 19:29:41'),(30,174,1,'Vision-oriented asynchronous task-force','2022-08-24 01:19:22'),(31,57,1,'Cross-platform human-resource flexibility','2021-12-30 18:03:07'),(32,160,1,'Decentralized asymmetric archive','2022-06-22 07:45:36'),(33,131,1,'Self-enabling bottom-line support','2022-08-17 06:18:57'),(34,122,1,'Team-oriented stable secured line','2022-05-11 20:52:42'),(35,165,1,'Profit-focused disintermediate implementation','2022-05-26 10:02:48'),(36,112,1,'Synchronised modular open architecture','2021-11-12 07:25:57'),(37,163,1,'Reduced homogeneous contingency','2022-05-26 14:19:55'),(38,131,1,'Down-sized empowering groupware','2021-10-12 05:51:01'),(39,113,1,'Persistent holistic Graphical User Interface','2022-07-27 22:58:41'),(40,122,1,'Cross-platform object-oriented hardware','2021-10-12 01:46:59'),(41,72,1,'Quality-focused 3rd generation open system','2022-06-10 10:07:23'),(42,93,1,'Compatible 24 hour pricing structure','2021-11-03 04:57:30'),(43,195,1,'Vision-oriented exuding infrastructure','2022-08-07 17:33:08'),(44,200,1,'Total system-worthy frame','2022-04-16 21:44:24'),(45,65,1,'Integrated zero tolerance firmware','2022-05-03 15:07:38'),(46,122,1,'Decentralized regional implementation','2022-02-21 01:45:40'),(47,66,1,'Seamless methodical intranet','2021-12-22 06:35:26'),(48,62,1,'Digitized high-level software','2022-09-21 05:18:22'),(49,62,1,'Up-sized systemic knowledge base','2021-11-14 04:40:29'),(50,73,1,'Virtual 5th generation migration','2021-12-10 12:45:17'),(51,126,1,'Pre-emptive client-server attitude','2022-07-28 07:38:48'),(52,63,1,'Secured methodical collaboration','2021-10-11 18:03:26'),(53,186,1,'Diverse content-based array','2022-05-28 08:47:57'),(54,93,1,'Synergized regional approach','2021-12-23 06:21:02'),(55,153,1,'Diverse cohesive firmware','2021-10-21 03:12:36'),(56,137,1,'Down-sized attitude-oriented task-force','2021-12-25 15:19:21'),(57,175,1,'Front-line incremental circuit','2022-01-12 17:54:50'),(58,117,1,'Synchronised client-driven concept','2022-03-27 04:40:01'),(59,158,1,'Inverse zero tolerance standardization','2022-02-12 20:12:27'),(60,90,1,'Managed attitude-oriented migration','2021-10-24 17:54:33'),(61,74,1,'Assimilated neutral hub','2022-01-05 20:35:11'),(62,197,1,'Progressive grid-enabled functionalities','2022-05-24 01:47:47'),(63,116,1,'Centralized fault-tolerant system engine','2022-08-27 09:17:41'),(64,89,1,'Profit-focused user-facing flexibility','2022-07-15 11:57:00'),(65,192,1,'Implemented heuristic task-force','2022-09-25 15:23:37'),(66,196,1,'Decentralized needs-based superstructure','2022-09-29 19:59:17'),(67,54,1,'Synchronised context-sensitive intranet','2021-12-07 08:40:41'),(68,79,1,'Grass-roots interactive orchestration','2022-01-29 17:53:59'),(69,184,1,'Operative static service-desk','2021-11-04 02:07:16'),(70,184,1,'Exclusive neutral leverage','2022-01-26 17:22:39'),(71,166,1,'Re-contextualized responsive productivity','2021-10-03 18:34:37'),(72,79,1,'Configurable responsive architecture','2022-08-24 14:33:05'),(73,143,1,'Centralized methodical service-desk','2021-10-23 00:22:24'),(74,128,1,'Persevering interactive info-mediaries','2022-07-21 04:14:50'),(75,162,1,'User-centric heuristic local area network','2022-07-26 02:13:17'),(76,77,1,'Reduced homogeneous moratorium','2022-08-28 14:38:48'),(77,147,1,'Enterprise-wide didactic firmware','2022-08-26 13:01:23'),(78,153,1,'Organized upward-trending algorithm','2022-09-08 20:14:53'),(79,126,1,'Customizable bandwidth-monitored middleware','2022-09-28 12:41:43'),(80,120,1,'Operative impactful process improvement','2021-11-04 00:51:32'),(81,171,1,'Multi-tiered even-keeled benchmark','2022-07-30 04:30:35'),(82,144,1,'Re-contextualized methodical functionalities','2021-12-24 01:44:45'),(83,156,1,'Front-line executive projection','2021-11-08 13:09:52'),(84,150,1,'Future-proofed needs-based encryption','2022-09-02 22:50:56'),(85,80,1,'Proactive asymmetric core','2021-10-06 23:32:38'),(86,199,1,'Face to face zero administration archive','2022-07-08 11:41:54'),(87,108,1,'Universal local help-desk','2022-07-28 23:59:59'),(88,191,1,'Focused holistic hardware','2022-07-23 03:47:54'),(89,132,1,'Automated systemic data-warehouse','2022-08-03 22:43:31'),(90,183,1,'Future-proofed hybrid success','2022-01-12 22:57:25'),(91,173,1,'Triple-buffered system-worthy leverage','2022-03-23 15:43:00'),(92,116,1,'Proactive content-based benchmark','2022-05-04 00:50:49'),(93,156,1,'Team-oriented 6th generation data-warehouse','2022-09-24 02:10:44'),(94,85,1,'Inverse leading edge hub','2022-01-31 16:49:32'),(95,53,1,'Right-sized uniform matrix','2022-03-03 07:28:33'),(96,111,1,'Profit-focused systemic attitude','2022-08-28 09:15:23'),(97,196,1,'Organized responsive access','2022-02-19 10:00:13'),(98,146,1,'Versatile system-worthy contingency','2022-09-06 05:13:49'),(99,94,1,'Seamless interactive intranet','2022-08-22 18:28:59'),(100,130,1,'Fundamental foreground extranet','2022-04-13 12:37:03'),(101,166,1,'Organized fault-tolerant standardization','2021-11-11 14:38:04'),(102,93,1,'Exclusive zero defect synergy','2021-12-25 13:38:09'),(103,64,1,'Persevering fault-tolerant function','2022-08-31 09:50:33'),(104,139,1,'Upgradable 4th generation hub','2022-03-16 16:54:01'),(105,156,1,'Public-key client-server policy','2021-12-24 17:24:50'),(106,163,1,'Front-line dedicated artificial intelligence','2022-04-14 11:14:42'),(107,144,1,'Proactive fresh-thinking encoding','2021-10-09 17:43:26'),(108,182,1,'Universal 5th generation array','2022-03-05 05:05:14'),(109,130,1,'Balanced 6th generation moderator','2022-07-08 16:28:03'),(110,53,1,'Persevering optimal emulation','2022-03-27 03:36:51'),(111,120,1,'Multi-tiered secondary methodology','2022-04-22 03:46:30'),(112,93,1,'Expanded object-oriented array','2022-06-29 13:49:04'),(113,55,1,'Re-engineered 3rd generation definition','2021-10-05 06:34:39'),(114,92,1,'Re-contextualized user-facing Graphic Interface','2021-10-03 11:19:33'),(115,97,1,'Function-based logistical open system','2022-06-13 23:45:22'),(116,156,1,'Optimized actuating open architecture','2022-02-23 02:53:33'),(117,143,1,'Ergonomic client-server methodology','2022-04-24 19:25:24'),(118,193,1,'Future-proofed global encryption','2021-11-03 20:25:37'),(119,186,1,'Decentralized exuding system engine','2022-03-25 03:12:41'),(120,154,1,'Re-contextualized real-time structure','2022-02-10 03:11:17'),(121,160,1,'Re-contextualized 6th generation time-frame','2022-06-01 16:26:13'),(122,137,1,'Adaptive user-facing challenge','2022-03-21 18:52:36'),(123,155,1,'Cross-platform next generation project','2021-11-09 23:00:05'),(124,163,1,'Open-architected optimizing benchmark','2021-12-20 12:28:45'),(125,149,1,'Monitored 5th generation methodology','2022-01-01 11:45:57'),(126,59,1,'Extended disintermediate functionalities','2022-02-13 01:37:09'),(127,92,1,'Expanded clear-thinking groupware','2022-04-25 05:25:57'),(128,85,1,'De-engineered leading edge function','2022-08-22 21:09:34'),(129,99,1,'Polarised secondary circuit','2022-09-12 15:58:48'),(130,190,1,'Synergistic intermediate capacity','2022-02-28 09:37:46'),(131,153,1,'Persistent well-modulated knowledge base','2022-06-24 22:05:47'),(132,145,1,'Re-engineered systematic leverage','2022-05-25 03:38:33'),(133,68,1,'Horizontal static knowledge base','2022-03-09 16:03:07'),(134,148,1,'Intuitive uniform flexibility','2022-04-26 21:08:47'),(135,191,1,'Public-key client-server service-desk','2022-03-31 23:44:03'),(136,159,1,'Focused demand-driven circuit','2022-02-10 07:38:37'),(137,170,1,'Focused intangible knowledge user','2021-10-02 01:54:10'),(138,176,1,'Operative neutral parallelism','2022-09-27 04:20:59'),(139,168,1,'Programmable uniform knowledge user','2022-09-28 10:21:54'),(140,111,1,'Grass-roots systemic focus group','2022-07-18 11:50:43'),(141,150,1,'Visionary next generation productivity','2022-05-17 23:09:14'),(142,66,1,'Profound upward-trending challenge','2022-02-18 23:31:32'),(143,130,1,'Cross-group optimizing strategy','2021-12-07 21:43:48'),(144,103,1,'Customer-focused asynchronous moderator','2022-08-10 17:38:43'),(145,74,1,'Innovative incremental alliance','2022-04-08 07:17:09'),(146,160,1,'Programmable optimal internet solution','2021-10-08 09:06:53'),(147,77,1,'Fundamental executive parallelism','2022-05-15 11:24:07'),(148,155,1,'Self-enabling static conglomeration','2021-10-10 10:15:54'),(149,192,1,'Visionary static leverage','2021-10-02 11:57:20'),(150,147,1,'Right-sized demand-driven knowledge user','2022-03-02 10:06:26'),(151,109,1,'Cross-platform next generation knowledge base','2021-10-24 18:32:55'),(152,54,1,'Multi-layered eco-centric toolset','2022-05-08 02:18:00'),(153,188,1,'Horizontal disintermediate intranet','2022-09-03 13:19:33'),(154,131,1,'Progressive needs-based core','2021-11-23 22:56:13'),(155,188,1,'Ameliorated intangible knowledge base','2022-09-10 22:40:50'),(156,199,1,'Reverse-engineered intermediate attitude','2021-12-18 21:09:40'),(157,80,1,'Synergistic 24/7 knowledge base','2022-03-11 00:48:34'),(158,53,1,'Enterprise-wide intangible policy','2022-05-12 01:24:50'),(159,124,1,'Open-architected non-volatile approach','2022-05-21 08:28:44'),(160,110,1,'Seamless modular function','2022-02-26 11:56:04'),(161,127,1,'Secured neutral task-force','2021-10-09 16:11:18'),(162,106,1,'Open-architected global benchmark','2021-11-24 14:16:40'),(163,98,1,'Customizable systemic encryption','2021-10-15 15:43:52'),(164,122,1,'Reduced 5th generation benchmark','2022-09-29 14:28:31'),(165,115,1,'Inverse grid-enabled instruction set','2022-06-16 22:33:26'),(166,160,1,'Automated mobile core','2021-10-16 01:39:34'),(167,104,1,'Realigned context-sensitive installation','2022-01-05 09:14:55'),(168,139,1,'Vision-oriented grid-enabled architecture','2022-02-19 15:40:29'),(169,185,1,'Customizable dedicated frame','2021-11-20 19:35:45'),(170,156,1,'Cross-group incremental collaboration','2022-06-25 16:54:19'),(171,176,1,'Assimilated 24 hour firmware','2021-10-31 06:52:35'),(172,62,1,'Re-contextualized 24 hour time-frame','2022-04-03 22:49:53'),(173,178,1,'Stand-alone homogeneous product','2022-07-19 21:16:21'),(174,58,1,'Assimilated non-volatile Graphical User Interface','2022-04-26 23:25:11'),(175,149,1,'Persistent multi-state website','2022-07-10 13:55:13'),(176,77,1,'Stand-alone global data-warehouse','2022-06-18 10:13:36'),(177,181,1,'Customer-focused clear-thinking product','2022-02-05 14:12:38'),(178,180,1,'Mandatory optimizing encoding','2022-02-27 02:32:09'),(179,154,1,'Sharable empowering projection','2022-09-21 18:52:44'),(180,181,1,'Balanced local success','2022-06-13 08:47:50'),(181,94,1,'Inverse well-modulated success','2021-11-02 08:07:07'),(182,175,1,'Expanded real-time firmware','2022-07-03 09:26:58'),(183,93,1,'Reverse-engineered 24 hour forecast','2022-01-02 09:27:55'),(184,188,1,'Profit-focused value-added collaboration','2022-06-28 00:15:39'),(185,163,1,'Customizable client-server encryption','2022-04-29 16:35:35'),(186,199,1,'Inverse secondary ability','2022-03-10 21:18:36'),(187,158,1,'Balanced discrete budgetary management','2021-12-02 21:52:03'),(188,143,1,'Up-sized maximized encoding','2022-09-19 23:54:13'),(189,188,1,'Monitored grid-enabled instruction set','2022-02-21 04:29:02'),(190,162,1,'Balanced stable forecast','2022-07-18 09:00:40'),(191,196,1,'Stand-alone mobile pricing structure','2022-06-01 12:53:59'),(192,144,1,'Adaptive foreground paradigm','2022-04-05 01:43:17'),(193,83,1,'Open-architected even-keeled parallelism','2022-03-02 05:34:49'),(194,80,1,'Advanced well-modulated strategy','2021-10-17 00:28:05'),(195,98,1,'Right-sized zero tolerance protocol','2022-05-01 09:25:11'),(196,52,1,'Enterprise-wide client-driven adapter','2022-03-08 01:29:01'),(197,65,1,'Multi-layered motivating software','2021-11-04 07:02:28'),(198,116,1,'Open-source non-volatile Graphical User Interface','2022-03-17 05:58:57'),(199,186,1,'Ameliorated grid-enabled application','2022-05-17 13:42:03'),(200,84,1,'Function-based even-keeled conglomeration','2022-05-01 21:27:57'),(201,108,1,'Monitored bandwidth-monitored service-desk','2022-03-04 04:00:52'),(202,89,1,'Monitored high-level synergy','2021-10-19 16:16:52'),(203,70,1,'Future-proofed upward-trending access','2021-10-23 08:23:39'),(204,182,1,'Configurable homogeneous open architecture','2022-04-22 17:37:19'),(205,53,1,'Automated leading edge strategy','2022-08-26 10:18:57'),(206,113,1,'Quality-focused incremental moratorium','2022-06-15 04:36:33'),(207,60,1,'Open-architected leading edge open architecture','2022-05-23 00:15:54'),(208,56,1,'Secured foreground leverage','2022-03-02 13:50:38'),(209,199,1,'Re-contextualized dynamic encryption','2022-04-16 21:12:26'),(210,180,1,'Total explicit instruction set','2022-05-02 11:22:09'),(211,105,1,'Sharable clear-thinking protocol','2021-10-01 23:18:22'),(212,82,1,'Fundamental explicit service-desk','2022-02-28 00:13:49'),(213,194,1,'Adaptive multi-tasking utilisation','2022-05-04 01:20:51'),(214,76,1,'Customizable modular Graphic Interface','2022-03-14 18:19:07'),(215,194,1,'Re-engineered executive knowledge user','2022-06-30 09:42:40'),(216,93,1,'Integrated non-volatile time-frame','2022-09-05 04:38:19'),(217,131,1,'Open-source non-volatile firmware','2022-03-09 14:14:42'),(218,177,1,'Ameliorated well-modulated analyzer','2022-09-03 23:37:59'),(219,143,1,'Stand-alone content-based instruction set','2022-01-31 00:31:04'),(220,131,1,'Proactive web-enabled knowledge base','2022-02-15 10:38:12'),(221,175,1,'Exclusive radical artificial intelligence','2022-01-24 23:23:02'),(222,134,1,'Re-contextualized explicit open architecture','2021-12-31 12:03:04'),(223,92,1,'Compatible zero defect support','2022-04-28 16:18:45'),(224,159,1,'Decentralized zero administration artificial intelligence','2021-10-22 09:41:45'),(225,170,1,'Universal scalable artificial intelligence','2022-09-25 11:08:36'),(226,171,1,'Seamless 3rd generation benchmark','2022-05-22 12:06:01'),(227,148,1,'Extended optimizing structure','2022-08-07 21:57:25'),(228,174,1,'Upgradable uniform pricing structure','2022-01-12 05:12:13'),(229,78,1,'Visionary foreground challenge','2022-02-17 20:25:52'),(230,115,1,'Open-architected mission-critical ability','2021-11-25 04:09:46'),(231,142,1,'Quality-focused human-resource neural-net','2022-08-24 23:10:28'),(232,166,1,'Total reciprocal access','2022-01-11 07:06:33'),(233,53,1,'Streamlined scalable infrastructure','2022-04-13 05:24:45'),(234,165,1,'Phased executive encryption','2022-07-16 04:17:37'),(235,166,1,'Cloned modular secured line','2021-10-08 03:10:34'),(236,137,1,'Upgradable non-volatile hub','2022-09-30 23:34:40'),(237,133,1,'Secured even-keeled internet solution','2021-12-12 00:55:16'),(238,57,1,'Versatile discrete synergy','2022-07-29 20:05:29'),(239,130,1,'Stand-alone 6th generation service-desk','2022-04-08 22:59:07'),(240,131,1,'Intuitive dynamic initiative','2022-03-22 08:05:13'),(241,63,1,'Adaptive non-volatile matrices','2022-05-22 21:10:42'),(242,173,1,'Customizable 24/7 hub','2022-09-16 18:31:28'),(243,175,1,'Phased fault-tolerant interface','2021-12-17 14:31:29'),(244,155,1,'Front-line motivating approach','2022-08-12 16:06:11'),(245,200,1,'Pre-emptive analyzing knowledge user','2021-11-18 05:57:00'),(246,186,1,'Centralized disintermediate strategy','2022-02-28 22:58:19'),(247,130,1,'Enhanced client-server service-desk','2022-09-03 09:35:21'),(248,191,1,'Polarised even-keeled toolset','2022-07-25 17:01:04'),(249,68,1,'Centralized systemic framework','2022-03-14 20:34:41'),(250,162,1,'Synchronised high-level access','2022-03-10 21:08:48'),(251,110,1,'Front-line zero tolerance benchmark','2022-09-15 21:07:54'),(252,160,1,'Monitored holistic structure','2022-04-09 19:10:43'),(253,121,1,'Customer-focused attitude-oriented complexity','2022-08-05 17:34:46'),(254,75,1,'Implemented user-facing knowledge base','2022-07-29 22:04:23'),(255,108,1,'Open-architected actuating initiative','2022-08-11 22:07:20'),(256,114,1,'Operative mission-critical model','2021-12-28 00:59:44'),(257,196,1,'Synchronised methodical structure','2022-06-30 19:05:14'),(258,142,1,'Progressive static protocol','2022-06-18 10:52:46'),(259,70,1,'Public-key foreground time-frame','2021-12-06 21:17:02'),(260,172,1,'Virtual didactic attitude','2022-01-13 07:45:29'),(261,151,1,'Reverse-engineered global interface','2022-01-05 11:02:59'),(262,189,1,'Visionary modular archive','2022-07-29 17:36:26'),(263,143,1,'Ergonomic motivating policy','2022-01-02 01:21:34'),(264,97,1,'Re-engineered well-modulated portal','2022-08-15 07:37:27'),(265,155,1,'Object-based exuding superstructure','2021-10-02 13:37:29'),(266,132,1,'Cross-group responsive open architecture','2022-09-06 02:36:36'),(267,148,1,'Persistent directional algorithm','2022-08-14 05:48:53'),(268,140,1,'Horizontal bifurcated complexity','2022-03-05 09:00:34'),(269,59,1,'Horizontal 24 hour leverage','2022-03-03 16:55:19'),(270,120,1,'Integrated value-added orchestration','2022-03-17 22:22:00'),(271,74,1,'Face to face leading edge extranet','2021-11-15 21:56:10'),(272,108,1,'Reverse-engineered neutral system engine','2022-09-18 17:04:36'),(273,118,1,'Multi-lateral well-modulated middleware','2021-10-26 12:57:38'),(274,68,1,'Open-source heuristic application','2022-05-31 10:40:47'),(275,84,1,'Synchronised demand-driven software','2022-02-19 00:48:44'),(276,165,1,'Grass-roots fresh-thinking initiative','2022-03-19 04:18:33'),(277,75,1,'Cloned logistical circuit','2022-08-29 00:37:50'),(278,127,1,'Organic modular throughput','2022-08-30 16:42:35'),(279,61,1,'Pre-emptive content-based website','2022-03-03 05:25:34'),(280,171,1,'Automated actuating architecture','2021-11-10 01:28:19'),(281,173,1,'Upgradable secondary application','2022-09-27 19:32:42'),(282,153,1,'Multi-tiered holistic definition','2021-11-12 12:45:21'),(283,193,1,'Secured composite workforce','2021-12-17 21:50:14'),(284,159,1,'Intuitive well-modulated knowledge base','2022-09-22 03:30:21'),(285,165,1,'Quality-focused system-worthy installation','2022-06-25 10:16:42'),(286,147,1,'Horizontal 5th generation synergy','2022-03-03 06:35:25'),(287,191,1,'Networked mission-critical product','2022-05-26 04:07:48'),(288,165,1,'Distributed mission-critical knowledge base','2021-10-29 18:10:23'),(289,52,1,'De-engineered systemic installation','2022-07-22 20:55:55'),(290,161,1,'User-centric zero defect solution','2022-01-22 19:10:53'),(291,151,1,'Object-based attitude-oriented moderator','2022-02-20 21:03:34'),(292,71,1,'Phased content-based groupware','2021-10-05 15:15:27'),(293,150,1,'Face to face coherent circuit','2022-01-20 16:18:58'),(294,189,1,'Integrated foreground protocol','2022-02-10 02:56:57'),(295,145,1,'Distributed bottom-line info-mediaries','2022-09-03 19:32:18'),(296,109,1,'Operative systemic concept','2021-12-05 04:27:00'),(297,56,1,'Right-sized system-worthy approach','2021-12-07 14:47:05'),(298,199,1,'Expanded 24 hour moderator','2022-06-24 12:26:12'),(299,182,1,'Expanded static intranet','2022-04-13 22:48:16'),(300,113,1,'Integrated zero administration solution','2022-03-16 01:42:22'),(301,117,1,'Public-key motivating open system','2021-10-15 10:32:15'),(302,195,1,'Intuitive needs-based utilisation','2022-08-26 13:45:19'),(303,126,1,'Re-engineered system-worthy challenge','2022-03-24 18:59:56'),(304,142,1,'Re-contextualized stable functionalities','2022-07-30 18:19:17'),(305,132,1,'Configurable motivating core','2022-08-06 17:55:06'),(306,184,1,'Managed intangible superstructure','2022-06-21 04:37:02'),(307,177,1,'Front-line next generation access','2021-11-20 08:12:20'),(308,129,1,'Mandatory exuding policy','2021-10-19 18:46:59'),(309,66,1,'Implemented systemic toolset','2021-10-16 19:11:38'),(310,189,1,'Self-enabling uniform installation','2022-08-08 20:43:50'),(311,99,1,'Multi-layered 3rd generation success','2022-04-20 06:18:31'),(312,175,1,'Progressive encompassing architecture','2022-01-12 11:48:42'),(313,81,1,'Upgradable composite installation','2022-05-25 20:03:10'),(314,125,1,'Persevering mobile help-desk','2022-08-13 13:57:43'),(315,182,1,'Sharable context-sensitive matrices','2022-08-18 02:24:06'),(316,189,1,'Polarised methodical capacity','2021-11-12 13:06:52'),(317,195,1,'Diverse multi-state hub','2022-03-20 10:17:49'),(318,62,1,'Focused grid-enabled moratorium','2021-12-17 16:10:12'),(319,120,1,'Reverse-engineered tertiary installation','2022-03-07 12:54:29'),(320,67,1,'Synergized modular monitoring','2021-12-27 06:15:05'),(321,72,1,'Pre-emptive scalable orchestration','2021-10-24 14:37:57'),(322,109,1,'Operative national algorithm','2021-12-14 00:23:27'),(323,128,1,'Switchable grid-enabled synergy','2022-09-14 15:35:41'),(324,115,1,'Object-based needs-based definition','2022-08-03 13:57:16'),(325,137,1,'Right-sized exuding implementation','2021-12-30 12:16:03'),(326,143,1,'Expanded zero tolerance local area network','2021-10-30 22:15:42'),(327,103,1,'Proactive scalable methodology','2022-02-25 07:00:14'),(328,182,1,'Enterprise-wide non-volatile open architecture','2022-02-07 09:11:48'),(329,105,1,'Centralized coherent parallelism','2021-12-02 02:12:21'),(330,77,1,'Triple-buffered optimal workforce','2022-04-04 05:22:15'),(331,167,1,'Horizontal object-oriented Graphic Interface','2021-11-11 11:36:46'),(332,109,1,'Integrated 24 hour help-desk','2022-03-02 08:36:22'),(333,138,1,'Realigned background info-mediaries','2022-08-27 09:25:04'),(334,166,1,'Team-oriented zero tolerance benchmark','2022-01-16 21:42:20'),(335,66,1,'Synergized 6th generation initiative','2021-11-14 20:00:09'),(336,79,1,'Progressive reciprocal installation','2022-08-01 16:05:25'),(337,146,1,'Multi-channelled fresh-thinking approach','2021-10-12 23:46:35'),(338,145,1,'Customer-focused holistic time-frame','2022-08-06 08:51:46'),(339,87,1,'Monitored 6th generation definition','2022-07-05 06:37:33'),(340,99,1,'Total context-sensitive emulation','2022-08-10 19:41:07'),(341,182,1,'Seamless non-volatile matrices','2021-11-06 21:32:49'),(342,113,1,'Compatible 3rd generation implementation','2022-06-25 13:26:14'),(343,118,1,'Sharable reciprocal archive','2021-12-18 11:02:18'),(344,200,1,'Operative interactive core','2022-07-28 01:59:14'),(345,146,1,'Centralized discrete task-force','2022-01-02 09:15:58'),(346,82,1,'Monitored high-level internet solution','2022-08-23 00:29:10'),(347,71,1,'Robust holistic parallelism','2022-08-24 03:27:53'),(348,56,1,'Switchable hybrid website','2022-02-20 14:07:27'),(349,164,1,'Multi-lateral discrete migration','2021-11-15 11:08:22'),(350,155,1,'Digitized system-worthy approach','2021-12-08 08:27:18'),(351,83,1,'Managed bandwidth-monitored flexibility','2022-09-20 12:27:57'),(352,195,1,'Diverse web-enabled implementation','2022-03-09 05:19:32'),(353,82,1,'Configurable executive attitude','2022-08-19 16:07:20'),(354,70,1,'Enhanced interactive productivity','2021-11-01 11:24:57'),(355,56,1,'Innovative local website','2022-09-25 01:00:24'),(356,164,1,'Self-enabling even-keeled internet solution','2022-02-21 02:03:55'),(357,158,1,'Grass-roots logistical workforce','2022-07-17 19:47:43'),(358,95,1,'Synergistic zero defect complexity','2021-11-08 14:42:20'),(359,100,1,'Ergonomic needs-based structure','2022-06-08 17:23:57'),(360,166,1,'Expanded interactive circuit','2022-05-26 21:32:10'),(361,180,1,'Exclusive impactful local area network','2022-08-10 04:05:56'),(362,51,1,'Intuitive neutral groupware','2021-11-04 22:36:46'),(363,114,1,'Realigned modular algorithm','2021-10-01 12:13:00'),(364,65,1,'Secured homogeneous complexity','2022-07-30 19:30:38'),(365,83,1,'Public-key intermediate budgetary management','2022-09-14 15:19:10'),(366,169,1,'Decentralized didactic policy','2022-06-01 06:04:45'),(367,95,1,'Integrated 6th generation flexibility','2021-12-14 21:43:20'),(368,70,1,'Implemented intangible support','2021-12-18 13:47:36'),(369,161,1,'Seamless neutral moratorium','2022-01-25 09:29:08'),(370,99,1,'Upgradable holistic circuit','2022-08-02 17:27:32'),(371,108,1,'Reduced scalable knowledge base','2021-10-31 13:51:44'),(372,192,1,'Open-source mission-critical toolset','2022-04-08 20:50:01'),(373,137,1,'Synergistic object-oriented info-mediaries','2022-03-07 14:07:10'),(374,59,1,'Inverse asymmetric leverage','2022-04-16 07:33:27'),(375,129,1,'Visionary explicit policy','2022-06-26 07:24:06'),(376,120,1,'Visionary 3rd generation success','2022-08-15 19:50:30'),(377,164,1,'Multi-tiered foreground artificial intelligence','2022-02-11 04:09:04'),(378,112,1,'Future-proofed reciprocal hub','2022-02-14 15:48:59'),(379,162,1,'Object-based demand-driven parallelism','2022-04-13 12:18:19'),(380,129,1,'Enterprise-wide upward-trending product','2022-07-02 22:23:45'),(381,104,1,'User-friendly zero administration portal','2022-05-24 20:56:54'),(382,85,1,'Profit-focused local open system','2022-02-27 02:46:20'),(383,63,1,'Synergized systematic core','2021-12-26 19:01:58'),(384,155,1,'Open-architected heuristic function','2022-09-28 18:09:57'),(385,88,1,'Progressive fault-tolerant analyzer','2022-01-24 12:12:23'),(386,75,1,'Inverse radical hub','2022-06-11 14:48:38'),(387,60,1,'Re-contextualized heuristic core','2022-05-31 12:20:39'),(388,174,1,'Organized 4th generation analyzer','2022-02-24 08:07:03'),(389,190,1,'Configurable exuding productivity','2022-08-03 23:18:13'),(390,81,1,'Upgradable empowering firmware','2021-11-14 16:04:38'),(391,83,1,'Polarised zero administration help-desk','2022-04-07 02:36:31'),(392,119,1,'Face to face dedicated process improvement','2021-12-11 14:28:22'),(393,146,1,'Assimilated responsive architecture','2022-06-12 19:36:47'),(394,175,1,'Polarised tertiary time-frame','2022-03-25 12:16:41'),(395,88,1,'Operative maximized database','2022-05-10 02:57:38'),(396,162,1,'Pre-emptive content-based secured line','2022-07-21 08:53:34'),(397,195,1,'Integrated executive solution','2022-08-06 03:18:23'),(398,141,1,'Multi-tiered cohesive instruction set','2022-08-20 02:39:32'),(399,67,1,'Business-focused homogeneous budgetary management','2022-08-21 00:30:34'),(400,161,1,'Advanced tertiary interface','2021-12-16 15:52:25'),(401,105,1,'Innovative zero tolerance synergy','2022-05-28 08:23:58'),(402,140,1,'Adaptive web-enabled utilisation','2021-11-26 14:12:49'),(403,184,1,'Universal logistical installation','2022-05-04 00:25:59'),(404,153,1,'Fundamental fault-tolerant analyzer','2021-11-29 23:41:37'),(405,162,1,'Digitized system-worthy groupware','2022-03-30 11:21:12'),(406,149,1,'Right-sized explicit utilisation','2022-09-18 02:01:36'),(407,61,1,'Team-oriented composite installation','2022-04-07 14:04:30'),(408,104,1,'Ergonomic demand-driven encoding','2022-05-15 07:37:16'),(409,137,1,'Polarised executive open architecture','2021-11-12 14:16:34'),(410,174,1,'Innovative heuristic moderator','2022-06-03 18:51:53'),(411,109,1,'Implemented eco-centric budgetary management','2022-07-10 11:00:41'),(412,123,1,'Customer-focused fault-tolerant benchmark','2022-05-18 05:16:37'),(413,88,1,'Optional client-server knowledge user','2022-04-21 11:25:35'),(414,168,1,'Robust executive time-frame','2022-09-20 14:14:44'),(415,77,1,'Re-contextualized didactic open system','2022-09-20 02:18:11'),(416,127,1,'Automated multimedia ability','2022-05-28 11:01:21'),(417,57,1,'Decentralized grid-enabled architecture','2022-06-05 16:48:07'),(418,151,1,'Multi-tiered eco-centric array','2022-05-17 06:46:52'),(419,85,1,'Quality-focused clear-thinking circuit','2021-10-17 20:21:14'),(420,73,1,'Centralized systematic productivity','2021-10-04 04:20:36'),(421,55,1,'Quality-focused clear-thinking focus group','2022-08-29 06:23:52'),(422,156,1,'Front-line eco-centric strategy','2022-06-25 17:37:13'),(423,118,1,'Mandatory system-worthy success','2022-01-12 02:44:37'),(424,71,1,'Diverse cohesive orchestration','2022-06-12 21:46:07'),(425,96,1,'Sharable fresh-thinking analyzer','2022-04-15 12:01:36'),(426,70,1,'User-friendly executive functionalities','2022-08-03 00:48:56'),(427,161,1,'Programmable scalable emulation','2021-10-11 02:50:41'),(428,94,1,'Open-source transitional instruction set','2021-10-21 07:14:14'),(429,85,1,'Advanced web-enabled framework','2021-11-05 19:05:05'),(430,91,1,'Reactive executive contingency','2021-10-28 10:51:02'),(431,149,1,'Integrated optimizing knowledge base','2022-08-03 04:51:22'),(432,125,1,'Future-proofed zero defect function','2022-09-10 06:53:58'),(433,127,1,'Assimilated context-sensitive hub','2022-04-06 15:22:50'),(434,58,1,'Function-based context-sensitive budgetary management','2022-06-22 21:42:54'),(435,158,1,'Multi-lateral asynchronous approach','2021-10-13 10:25:11'),(436,119,1,'Profit-focused 5th generation access','2022-01-10 15:13:53'),(437,67,1,'Up-sized 5th generation throughput','2022-09-06 12:30:32'),(438,77,1,'Pre-emptive stable monitoring','2022-01-04 08:47:12'),(439,134,1,'Front-line coherent core','2022-03-24 08:45:23'),(440,90,1,'Down-sized bottom-line service-desk','2022-05-15 07:40:31'),(441,145,1,'Streamlined well-modulated capacity','2022-08-25 15:18:49'),(442,108,1,'Synergized directional data-warehouse','2022-03-28 09:06:27'),(443,52,1,'Implemented context-sensitive workforce','2021-12-05 12:19:19'),(444,185,1,'Grass-roots fresh-thinking archive','2022-07-06 03:54:19'),(445,121,1,'Ameliorated client-server initiative','2022-09-15 19:21:55'),(446,150,1,'User-centric neutral customer loyalty','2022-04-10 02:50:03'),(447,184,1,'User-centric intangible knowledge user','2022-06-06 04:01:49'),(448,123,1,'Cross-group upward-trending neural-net','2022-01-24 06:49:52'),(449,159,1,'Reduced global migration','2021-12-16 14:45:56'),(450,79,1,'Inverse background encoding','2022-08-01 19:13:24'),(451,166,1,'Universal fault-tolerant flexibility','2022-01-24 18:51:48'),(452,96,1,'Down-sized needs-based database','2022-04-01 16:13:02'),(453,77,1,'Synergistic optimizing solution','2022-07-01 22:44:30'),(454,196,1,'Front-line uniform standardization','2022-01-21 11:18:24'),(455,102,1,'Virtual 3rd generation product','2022-02-07 12:20:07'),(456,168,1,'Enhanced content-based structure','2021-11-21 07:11:38'),(457,187,1,'User-centric fresh-thinking alliance','2022-09-04 14:26:59'),(458,83,1,'Balanced 4th generation database','2022-09-29 22:17:10'),(459,99,1,'Digitized impactful success','2022-09-02 08:55:04'),(460,194,1,'Organic zero defect system engine','2022-06-18 00:19:51'),(461,176,1,'Down-sized bandwidth-monitored pricing structure','2021-11-17 17:40:43'),(462,98,1,'Programmable mobile function','2022-01-09 20:26:48'),(463,60,1,'Reactive value-added superstructure','2022-03-21 22:13:14'),(464,105,1,'De-engineered neutral methodology','2022-07-06 03:11:13'),(465,146,1,'Sharable clear-thinking emulation','2022-07-13 20:35:56'),(466,64,1,'Virtual composite challenge','2021-10-23 21:36:39'),(467,128,1,'Streamlined zero defect support','2022-09-14 21:26:48'),(468,101,1,'Customer-focused reciprocal methodology','2022-01-30 15:54:55'),(469,69,1,'Fundamental human-resource system engine','2022-08-23 07:45:35'),(470,139,1,'Phased background open architecture','2022-04-17 17:59:05'),(471,141,1,'Grass-roots multi-tasking definition','2021-10-13 17:14:21'),(472,89,1,'Intuitive discrete Graphic Interface','2022-07-08 13:13:23'),(473,118,1,'Assimilated system-worthy matrices','2022-02-15 03:04:38'),(474,126,1,'Multi-tiered discrete monitoring','2021-11-30 09:41:39'),(475,72,1,'Open-source eco-centric Graphical User Interface','2021-12-21 20:43:22'),(476,83,1,'Innovative reciprocal array','2022-04-24 10:22:49'),(477,148,1,'Up-sized upward-trending utilisation','2022-05-20 03:46:25'),(478,142,1,'Synchronised contextually-based capability','2022-04-30 17:55:03'),(479,64,1,'Mandatory 3rd generation ability','2021-12-09 09:31:50'),(480,142,1,'Sharable explicit hardware','2022-04-13 17:46:06'),(481,168,1,'Profound client-server paradigm','2022-06-03 00:10:10'),(482,66,1,'Seamless human-resource data-warehouse','2021-11-19 01:02:27'),(483,74,1,'Face to face coherent neural-net','2022-07-04 03:56:44'),(484,122,1,'Front-line scalable help-desk','2021-11-05 06:03:59'),(485,185,1,'Reduced object-oriented productivity','2022-01-12 06:03:15'),(486,61,1,'Future-proofed regional help-desk','2022-01-07 13:41:34'),(487,149,1,'Versatile explicit system engine','2022-01-13 15:28:26'),(488,60,1,'Mandatory 24 hour solution','2022-02-17 04:39:01'),(489,104,1,'Stand-alone actuating customer loyalty','2022-05-16 11:27:38'),(490,137,1,'Multi-tiered interactive interface','2022-09-04 16:15:56'),(491,172,1,'Open-source dynamic knowledge base','2022-09-02 10:15:46'),(492,101,1,'Versatile secondary collaboration','2021-10-12 12:24:20'),(493,89,1,'Reduced zero tolerance system engine','2022-01-04 10:54:25'),(494,92,1,'Total object-oriented alliance','2022-01-28 03:12:23'),(495,138,1,'Sharable intangible project','2021-11-28 11:48:03'),(496,68,1,'Expanded secondary circuit','2021-10-12 00:31:50'),(497,174,1,'Cross-group analyzing product','2021-12-12 20:08:51'),(498,167,1,'Multi-lateral intermediate core','2022-06-16 09:58:21'),(499,111,1,'Polarised bi-directional encryption','2021-11-21 19:44:13'),(500,152,2,'Inverse tangible interface','2021-10-22 05:53:46'),(501,80,2,'Focused asynchronous benchmark','2022-05-05 21:31:28'),(502,192,2,'Diverse static matrices','2022-09-20 00:26:32'),(503,70,2,'Versatile system-worthy Graphic Interface','2022-01-05 07:41:07'),(504,171,2,'Expanded attitude-oriented projection','2022-03-31 23:36:40'),(505,146,2,'Innovative client-server synergy','2022-04-28 19:54:20'),(506,168,2,'Team-oriented discrete firmware','2022-06-11 17:40:27'),(507,199,2,'Grass-roots interactive concept','2022-05-17 00:56:41'),(508,145,2,'Inverse well-modulated structure','2022-01-04 22:55:08'),(509,76,2,'Multi-lateral 6th generation infrastructure','2021-12-12 17:19:09'),(510,191,2,'Persistent asynchronous groupware','2022-02-25 16:19:58'),(511,79,2,'Fully-configurable static attitude','2022-03-05 01:14:23'),(512,70,2,'Assimilated tertiary internet solution','2022-08-10 05:23:51'),(513,61,2,'Down-sized exuding open architecture','2022-02-10 22:40:33'),(514,193,2,'Streamlined asynchronous secured line','2022-02-01 22:48:31'),(515,134,2,'Reverse-engineered demand-driven orchestration','2021-11-08 01:56:03'),(516,191,2,'Quality-focused static installation','2021-12-29 16:36:23'),(517,56,2,'Automated actuating functionalities','2021-12-01 20:06:16'),(518,102,2,'Optional attitude-oriented attitude','2022-08-30 16:01:43'),(519,143,2,'Progressive multi-state matrix','2021-10-27 01:06:19'),(520,61,2,'Multi-channelled mobile throughput','2022-07-16 07:48:30'),(521,120,2,'Devolved encompassing function','2022-01-11 04:39:34'),(522,69,2,'Networked full-range system engine','2021-12-03 06:22:20'),(523,85,2,'Grass-roots fault-tolerant hierarchy','2021-12-28 03:46:05'),(524,164,2,'Sharable system-worthy strategy','2022-01-19 05:22:16'),(525,68,2,'Stand-alone high-level challenge','2021-11-25 11:35:34'),(526,94,2,'Automated exuding synergy','2021-12-19 16:41:50'),(527,66,2,'Secured impactful installation','2021-12-23 21:17:50'),(528,146,2,'Adaptive multi-state workforce','2022-01-24 22:26:52'),(529,184,2,'Cloned 6th generation project','2022-04-27 14:08:26'),(530,131,2,'Face to face static flexibility','2022-04-21 21:02:43'),(531,53,2,'Centralized encompassing conglomeration','2021-12-25 03:04:52'),(532,121,2,'Reactive well-modulated adapter','2021-10-21 07:22:49'),(533,95,2,'Multi-lateral client-server product','2022-07-11 10:00:11'),(534,62,2,'Realigned regional flexibility','2021-11-23 22:39:18'),(535,124,2,'Programmable demand-driven flexibility','2022-08-05 01:27:13'),(536,85,2,'Mandatory 6th generation paradigm','2021-11-10 09:26:35'),(537,150,2,'Automated modular flexibility','2022-05-28 04:59:22'),(538,144,2,'Advanced holistic local area network','2022-09-28 21:57:44'),(539,72,2,'Distributed context-sensitive moratorium','2022-07-04 20:22:03'),(540,175,2,'Enterprise-wide heuristic encoding','2022-05-14 11:41:35'),(541,162,2,'Business-focused non-volatile matrix','2022-02-09 08:23:22'),(542,83,2,'Future-proofed bifurcated hardware','2022-07-03 18:09:13'),(543,178,2,'Ergonomic dedicated synergy','2022-04-18 06:40:38'),(544,142,2,'Diverse optimal Graphical User Interface','2021-10-06 11:57:45'),(545,126,2,'Cross-group national secured line','2022-06-15 14:01:19'),(546,151,2,'Operative disintermediate capacity','2022-08-18 01:56:44'),(547,176,2,'Right-sized user-facing encryption','2022-05-09 09:34:07'),(548,79,2,'Optimized logistical task-force','2022-02-27 11:00:32'),(549,115,2,'Devolved encompassing initiative','2022-07-04 11:13:11'),(550,137,2,'Multi-layered mobile algorithm','2022-08-23 23:13:37'),(551,140,2,'Sharable modular access','2022-09-03 11:06:01'),(552,89,2,'Exclusive web-enabled benchmark','2022-03-05 08:49:33'),(553,125,2,'Quality-focused client-driven website','2022-09-06 00:01:59'),(554,156,2,'Cross-platform optimal open architecture','2021-11-12 16:50:13'),(555,55,2,'Switchable full-range local area network','2022-07-26 22:21:19'),(556,55,2,'Cloned optimal process improvement','2022-09-08 03:33:36'),(557,59,2,'Multi-tiered high-level software','2022-04-25 20:36:19'),(558,77,2,'Triple-buffered asynchronous knowledge user','0000-00-00 00:00:00'),(559,158,2,'Multi-tiered executive utilisation','2021-11-10 18:50:03'),(560,62,2,'Synergized value-added open architecture','2021-10-02 07:58:44'),(561,82,2,'Monitored holistic policy','2021-11-01 18:34:33'),(562,172,2,'Triple-buffered executive frame','2022-09-03 21:45:28'),(563,117,2,'Centralized optimizing flexibility','2021-10-30 17:51:28'),(564,168,2,'User-friendly local knowledge user','2022-01-04 19:06:09'),(565,138,2,'Switchable incremental matrices','2022-01-30 03:22:39'),(566,137,2,'Cross-platform local local area network','2022-08-30 20:53:03'),(567,69,2,'Switchable optimal attitude','2021-11-17 11:10:59'),(568,183,2,'De-engineered discrete circuit','2022-08-14 22:46:08'),(569,61,2,'Sharable mobile synergy','2021-12-04 15:33:49'),(570,153,2,'Face to face zero administration collaboration','2022-03-09 17:15:55'),(571,85,2,'Centralized methodical structure','2022-07-14 15:17:05'),(572,62,2,'Ameliorated context-sensitive knowledge user','2022-04-06 08:41:47'),(573,151,2,'Multi-layered logistical system engine','2022-07-19 04:59:06'),(574,75,2,'Compatible tangible hardware','2021-10-17 05:23:19'),(575,165,2,'Quality-focused interactive service-desk','2022-03-21 10:52:11'),(576,105,2,'Cross-platform hybrid portal','2022-04-12 21:00:49'),(577,127,2,'Right-sized demand-driven interface','2022-07-10 22:28:59'),(578,119,2,'Innovative leading edge emulation','2022-06-12 02:39:27'),(579,164,2,'Assimilated reciprocal migration','2022-07-14 16:38:51'),(580,113,2,'Multi-layered client-server framework','2022-09-11 05:57:36'),(581,172,2,'Persistent directional installation','2022-06-20 15:32:11'),(582,170,2,'Re-contextualized dynamic capability','2022-09-28 19:36:59'),(583,136,2,'User-friendly human-resource definition','2022-01-20 12:16:51'),(584,117,2,'Enterprise-wide responsive application','2021-12-26 10:16:42'),(585,128,2,'Persistent bandwidth-monitored infrastructure','2022-01-17 14:46:05'),(586,89,2,'Future-proofed stable secured line','2021-11-10 01:40:53'),(587,160,2,'Reverse-engineered 6th generation portal','2022-03-23 14:24:43'),(588,182,2,'Cross-platform high-level circuit','2022-04-18 19:28:02'),(589,82,2,'Synchronised client-server collaboration','2022-05-15 14:50:29'),(590,113,2,'Open-architected context-sensitive paradigm','2022-02-21 09:11:19'),(591,116,2,'Synergized leading edge model','2022-06-18 02:24:21'),(592,189,2,'Implemented composite functionalities','2021-11-04 10:17:19'),(593,100,2,'De-engineered zero tolerance hierarchy','2022-06-15 22:53:45'),(594,182,2,'Exclusive intangible application','2021-10-22 00:53:00'),(595,112,2,'Networked 24 hour adapter','2022-04-09 07:36:09'),(596,110,2,'Front-line high-level challenge','2022-07-11 21:40:57'),(597,164,2,'Persistent coherent definition','2021-10-14 07:34:03'),(598,142,2,'User-friendly bandwidth-monitored system engine','2021-12-21 03:15:46'),(599,164,2,'Synchronised neutral complexity','2021-12-11 22:52:44'),(600,197,2,'Down-sized motivating projection','2022-02-14 00:01:24'),(601,141,2,'Reactive homogeneous local area network','2022-01-17 10:04:51'),(602,64,2,'Exclusive disintermediate archive','2022-02-28 05:47:49'),(603,144,2,'Multi-lateral stable product','2022-02-18 03:05:38'),(604,180,2,'Grass-roots motivating moderator','2022-03-29 14:52:10'),(605,119,2,'Networked multi-state product','2022-07-03 12:21:29'),(606,153,2,'Multi-lateral tertiary contingency','2021-11-10 22:11:52'),(607,57,2,'Total client-server capacity','2022-05-14 02:32:00'),(608,76,2,'Persistent responsive projection','2022-01-17 11:59:26'),(609,158,2,'Enterprise-wide multimedia Graphical User Interface','2022-02-26 04:34:48'),(610,62,2,'Face to face client-server workforce','2022-09-13 23:48:34'),(611,84,2,'Function-based methodical website','2022-02-13 00:05:48'),(612,183,2,'Organized demand-driven capacity','2022-01-02 11:22:09'),(613,166,2,'Seamless zero tolerance architecture','2022-09-08 08:55:09'),(614,78,2,'De-engineered encompassing moderator','2022-06-21 21:39:37'),(615,142,2,'Visionary fresh-thinking knowledge base','2022-05-14 03:47:29'),(616,127,2,'Extended asynchronous matrix','2021-12-31 09:46:35'),(617,157,2,'Exclusive contextually-based moratorium','2021-11-02 22:36:38'),(618,56,2,'Phased fault-tolerant capacity','2022-07-18 00:31:32'),(619,56,2,'Upgradable regional neural-net','2021-12-16 04:05:36'),(620,62,2,'Enhanced uniform workforce','2022-07-03 16:12:19'),(621,92,2,'Organized zero tolerance standardization','2022-02-09 16:29:23'),(622,71,2,'Re-engineered upward-trending hub','2022-06-09 02:55:00'),(623,178,2,'Decentralized local methodology','2022-07-19 21:51:27'),(624,180,2,'Reduced web-enabled hardware','2022-04-02 07:12:56'),(625,167,2,'Synchronised foreground paradigm','2022-03-05 07:59:10'),(626,92,2,'Object-based grid-enabled internet solution','2022-08-08 00:53:38'),(627,59,2,'Business-focused dedicated support','2022-09-07 05:02:32'),(628,117,2,'Fully-configurable transitional neural-net','2021-10-20 23:21:23'),(629,60,2,'Innovative systemic model','2022-06-12 02:03:26'),(630,194,2,'Reduced 3rd generation capability','2022-09-12 23:45:19'),(631,144,2,'Proactive system-worthy collaboration','2021-11-06 10:17:09'),(632,88,2,'User-centric asynchronous policy','2022-03-02 18:30:58'),(633,103,2,'Fully-configurable modular hub','2021-10-24 08:31:56'),(634,53,2,'Adaptive heuristic migration','2022-03-27 20:34:51'),(635,54,2,'Optional multimedia system engine','2022-08-14 06:20:25'),(636,59,2,'Future-proofed dynamic data-warehouse','2022-03-06 12:20:52'),(637,81,2,'Total contextually-based groupware','2022-09-03 12:30:40'),(638,179,2,'Phased multi-state support','2022-08-27 14:03:45'),(639,152,2,'Diverse optimal open architecture','2022-05-10 20:35:32'),(640,174,2,'De-engineered exuding circuit','2022-03-01 10:06:48'),(641,66,2,'Multi-lateral discrete methodology','2021-12-30 20:35:21'),(642,55,2,'Future-proofed needs-based customer loyalty','2022-06-27 05:47:22'),(643,173,2,'Operative systematic ability','2022-06-28 02:51:21'),(644,54,2,'Reverse-engineered solution-oriented framework','2021-12-07 13:13:08'),(645,145,2,'Robust intangible neural-net','2021-10-19 15:40:40'),(646,67,2,'Horizontal bifurcated extranet','2022-07-31 10:48:07'),(647,146,2,'Front-line optimal secured line','2022-02-13 19:09:35'),(648,181,2,'Open-architected responsive adapter','2022-06-07 11:49:54'),(649,118,2,'Team-oriented composite toolset','2022-05-18 15:39:48'),(650,145,2,'Visionary composite paradigm','2022-04-21 03:20:08'),(651,171,2,'Integrated secondary function','2022-02-25 20:15:57'),(652,72,2,'Re-contextualized bandwidth-monitored attitude','2022-07-26 22:19:45'),(653,95,2,'Streamlined static paradigm','2021-11-21 08:33:48'),(654,59,2,'Balanced mobile open architecture','2022-03-21 21:09:49'),(655,107,2,'Configurable homogeneous structure','2021-10-23 15:57:43'),(656,160,2,'Sharable clear-thinking moderator','2021-10-16 16:55:42'),(657,129,2,'Cross-platform coherent methodology','0000-00-00 00:00:00'),(658,116,2,'Reactive coherent system engine','2021-12-10 06:58:37'),(659,140,2,'Enhanced modular moratorium','2022-09-01 06:37:21'),(660,151,2,'Multi-lateral zero defect internet solution','2022-09-14 20:31:10'),(661,135,2,'Reduced maximized knowledge user','2022-06-11 23:07:06'),(662,173,2,'Customizable client-driven instruction set','2022-06-22 10:21:50'),(663,110,2,'Front-line radical toolset','2021-12-02 04:42:14'),(664,128,2,'Vision-oriented coherent alliance','2022-07-04 02:20:26'),(665,109,2,'Fundamental object-oriented local area network','2022-02-14 02:51:46'),(666,110,2,'Decentralized zero defect throughput','2021-11-11 10:28:05'),(667,175,2,'Implemented secondary methodology','2021-11-19 10:40:33'),(668,193,2,'Inverse regional secured line','2022-04-09 21:50:53'),(669,92,2,'Down-sized local hardware','2021-10-08 13:54:19'),(670,127,2,'Enterprise-wide human-resource focus group','2021-11-17 04:56:33'),(671,160,2,'Re-contextualized mobile service-desk','2022-02-13 12:49:04'),(672,71,2,'Balanced methodical toolset','2022-05-08 20:24:09'),(673,122,2,'Operative 24/7 function','2022-09-12 19:51:00'),(674,196,2,'Up-sized high-level system engine','2021-12-31 07:55:10'),(675,114,2,'Fundamental 24 hour budgetary management','2022-02-05 06:43:25'),(676,83,2,'Managed bottom-line focus group','2022-05-30 21:23:17'),(677,172,2,'Grass-roots global firmware','2021-12-08 13:01:20'),(678,110,2,'Up-sized national matrices','2022-07-07 13:05:55'),(679,133,2,'Inverse bandwidth-monitored projection','2022-03-26 23:22:13'),(680,134,2,'Function-based contextually-based application','2022-09-01 08:22:25'),(681,73,2,'Universal coherent time-frame','2022-06-23 03:34:53'),(682,60,2,'Polarised tangible knowledge user','2022-05-03 17:10:18'),(683,178,2,'Operative user-facing moderator','2022-03-13 09:39:05'),(684,65,2,'Assimilated asynchronous productivity','2022-03-11 03:43:49'),(685,188,2,'Customer-focused analyzing knowledge user','2021-10-06 10:00:19'),(686,97,2,'Adaptive tertiary database','2022-06-22 15:37:10'),(687,168,2,'Optional secondary architecture','2022-02-04 14:55:39'),(688,200,2,'Monitored mission-critical open system','2022-03-06 21:30:21'),(689,146,2,'Customer-focused encompassing info-mediaries','2022-09-19 18:27:36'),(690,80,2,'Visionary national artificial intelligence','2022-08-14 23:00:45'),(691,59,2,'Re-contextualized 4th generation synergy','2021-10-07 05:57:20'),(692,152,2,'Self-enabling real-time toolset','2021-12-16 19:41:14'),(693,88,2,'Stand-alone zero defect policy','2022-06-19 05:25:23'),(694,80,2,'Phased didactic challenge','2022-07-23 13:04:30'),(695,87,2,'Reactive scalable definition','2021-11-26 03:51:45'),(696,143,2,'Operative discrete pricing structure','2022-04-09 08:36:04'),(697,104,2,'Expanded intermediate challenge','2022-05-14 17:17:11'),(698,190,2,'Optimized radical open system','2022-09-17 19:51:40'),(699,138,2,'Pre-emptive disintermediate open system','2022-09-10 06:10:05'),(700,72,2,'Configurable discrete protocol','2022-07-18 20:06:27'),(701,190,2,'Self-enabling value-added portal','2021-12-12 03:46:31'),(702,87,2,'Customizable analyzing interface','2021-10-02 14:17:32'),(703,114,2,'Inverse responsive emulation','2022-08-21 02:29:52'),(704,106,2,'Focused logistical conglomeration','2022-01-12 16:25:37'),(705,139,2,'Organic motivating frame','2022-07-10 13:56:58'),(706,178,2,'Enhanced maximized algorithm','2022-03-17 11:07:06'),(707,125,2,'Profit-focused client-server contingency','2022-03-19 19:36:47'),(708,189,2,'De-engineered zero defect info-mediaries','2022-03-26 22:11:34'),(709,69,2,'Virtual 3rd generation frame','2022-04-26 01:06:29'),(710,175,2,'Monitored responsive adapter','2021-11-01 19:15:12'),(711,171,2,'Organized content-based task-force','2021-10-21 19:24:49'),(712,129,2,'Inverse zero defect attitude','2022-05-23 18:31:16'),(713,83,2,'Implemented incremental circuit','2021-12-08 18:05:22'),(714,124,2,'Exclusive analyzing process improvement','2022-01-19 18:04:51'),(715,171,2,'Monitored even-keeled matrices','0000-00-00 00:00:00'),(716,134,2,'Centralized actuating success','2022-09-09 02:38:43'),(717,106,2,'Profit-focused regional hub','2022-05-09 05:45:04'),(718,76,2,'Progressive web-enabled Graphic Interface','2021-10-25 15:05:06'),(719,159,2,'Upgradable regional model','2022-08-16 05:04:50'),(720,71,2,'Cross-platform demand-driven leverage','2022-04-18 08:32:30'),(721,124,2,'Cross-group clear-thinking standardization','2022-08-04 17:50:46'),(722,59,2,'Cross-group analyzing groupware','2022-07-16 08:31:47'),(723,171,2,'Mandatory even-keeled definition','2022-02-02 07:25:14'),(724,177,2,'Reactive leading edge success','2022-03-05 19:40:07'),(725,173,2,'Team-oriented bi-directional installation','2022-06-30 09:58:48'),(726,135,2,'Proactive multi-tasking time-frame','2021-11-10 22:00:01'),(727,105,2,'Vision-oriented clear-thinking adapter','2021-11-15 17:36:11'),(728,71,2,'Networked multi-tasking collaboration','2022-07-01 18:36:50'),(729,135,2,'Robust fresh-thinking access','2022-06-22 04:34:30'),(730,113,2,'Realigned foreground neural-net','2022-08-21 05:36:36'),(731,110,2,'Re-engineered didactic budgetary management','2021-11-09 20:18:18'),(732,159,2,'Synergized high-level adapter','2022-05-08 08:09:43'),(733,115,2,'Customer-focused intangible analyzer','2022-07-05 19:41:35'),(734,196,2,'Streamlined stable toolset','2022-09-09 16:07:28'),(735,136,2,'Devolved multi-tasking definition','2022-05-24 07:58:36'),(736,193,2,'Universal dedicated architecture','2021-12-06 20:25:58'),(737,56,2,'Vision-oriented upward-trending installation','2022-03-23 14:36:13'),(738,97,2,'Proactive client-server product','2021-12-18 03:20:31'),(739,119,2,'Fully-configurable optimizing analyzer','2022-04-18 10:46:16'),(740,101,2,'Visionary human-resource application','2022-09-19 11:28:03'),(741,100,2,'Total 3rd generation budgetary management','2021-11-26 12:43:55'),(742,145,2,'Centralized fault-tolerant adapter','2022-08-26 09:01:13'),(743,74,2,'Digitized needs-based protocol','2022-07-13 11:18:27'),(744,183,2,'Front-line needs-based throughput','2022-05-01 07:33:39'),(745,194,2,'Stand-alone 6th generation toolset','2022-02-14 03:12:54'),(746,74,2,'Fundamental hybrid policy','2022-05-03 09:28:26'),(747,182,2,'Right-sized actuating focus group','2022-09-28 12:19:23'),(748,193,2,'Organic responsive toolset','2021-11-19 07:49:25'),(749,67,2,'Proactive upward-trending model','2022-09-29 13:42:01'),(750,154,2,'Synergistic 24/7 time-frame','2021-11-20 00:12:46'),(751,71,2,'Team-oriented explicit policy','2022-02-13 12:42:56'),(752,139,2,'Persevering foreground focus group','2022-08-06 08:25:47'),(753,132,2,'Extended national internet solution','2022-02-27 07:26:23'),(754,191,2,'Adaptive full-range internet solution','2022-09-30 11:13:50'),(755,64,2,'Persistent heuristic open system','2022-08-30 03:20:27'),(756,142,2,'Compatible maximized algorithm','2022-04-16 01:39:41'),(757,169,2,'Cross-group object-oriented frame','2021-10-25 16:00:01'),(758,70,2,'Switchable 24/7 info-mediaries','2022-07-02 11:22:38'),(759,91,2,'Centralized asynchronous task-force','2022-03-22 20:48:38'),(760,195,2,'Focused human-resource encryption','2022-08-18 13:48:10'),(761,54,2,'Business-focused maximized archive','2022-03-12 18:14:09'),(762,81,2,'Profound global ability','2021-12-09 03:23:39'),(763,194,2,'Profit-focused didactic conglomeration','2022-05-14 11:53:39'),(764,77,2,'Fully-configurable intangible monitoring','2021-12-04 04:46:19'),(765,52,2,'Team-oriented leading edge installation','2022-08-30 22:30:24'),(766,126,2,'Fundamental encompassing monitoring','2022-01-20 09:11:37'),(767,125,2,'Down-sized modular circuit','2022-08-30 19:14:25'),(768,198,2,'Object-based even-keeled time-frame','2022-01-22 17:18:47'),(769,117,2,'Function-based systemic infrastructure','2021-12-23 12:28:56'),(770,87,2,'User-friendly systematic middleware','2022-05-13 07:52:27'),(771,184,2,'Cross-platform multi-state toolset','2022-04-07 02:34:07'),(772,159,2,'User-centric regional orchestration','2022-08-18 12:28:37'),(773,191,2,'Intuitive discrete solution','2022-06-19 08:42:31'),(774,131,2,'Reduced eco-centric forecast','2022-01-31 05:45:27'),(775,180,2,'Self-enabling multi-state Graphic Interface','2022-06-22 10:18:23'),(776,158,2,'Switchable systemic matrices','2022-08-29 07:42:31'),(777,51,2,'Extended high-level collaboration','2021-11-05 23:46:25'),(778,178,2,'Integrated homogeneous secured line','2022-04-19 20:31:15'),(779,87,2,'Vision-oriented composite middleware','2022-05-01 00:32:21'),(780,150,2,'Realigned attitude-oriented matrix','2022-04-17 22:20:06'),(781,139,2,'Seamless global knowledge base','2021-11-28 19:53:03'),(782,194,2,'Advanced 4th generation support','2022-04-12 06:27:41'),(783,57,2,'Realigned background portal','2021-10-25 11:25:31'),(784,97,2,'Operative tertiary paradigm','2022-08-27 23:01:01'),(785,116,2,'Switchable responsive moderator','2021-12-27 12:05:01'),(786,90,2,'Networked static circuit','2022-03-19 08:31:59'),(787,198,2,'Face to face fresh-thinking core','2022-09-02 05:50:36'),(788,74,2,'Object-based bifurcated capacity','2022-01-27 23:29:34'),(789,172,2,'Operative even-keeled framework','2022-01-05 17:04:39'),(790,138,2,'Centralized eco-centric migration','2021-10-11 07:01:30'),(791,124,2,'Configurable tertiary paradigm','2022-04-19 19:18:42'),(792,155,2,'Vision-oriented object-oriented encoding','2022-01-27 17:50:04'),(793,56,2,'Optimized systematic parallelism','2022-07-06 14:12:53'),(794,60,2,'Decentralized logistical methodology','2022-01-29 01:14:10'),(795,81,2,'Optimized user-facing solution','2022-03-21 20:35:24'),(796,174,2,'Multi-lateral foreground capacity','2021-11-08 03:41:39'),(797,130,2,'Reactive reciprocal collaboration','2022-01-12 22:50:17'),(798,76,2,'Exclusive 5th generation access','2022-04-08 00:03:45'),(799,86,2,'Upgradable local alliance','2021-12-07 08:27:06'),(800,154,2,'Public-key zero administration framework','2022-07-04 19:02:42'),(801,161,2,'Reactive static task-force','2022-04-12 07:02:56'),(802,142,2,'Innovative radical functionalities','2022-06-20 15:39:16'),(803,178,2,'Cloned bandwidth-monitored knowledge base','2022-02-12 00:48:58'),(804,116,2,'Cross-group coherent complexity','2022-02-18 10:42:53'),(805,145,2,'Digitized executive internet solution','2022-02-24 03:55:01'),(806,174,2,'Synchronised disintermediate attitude','2022-07-23 18:35:06'),(807,88,2,'Open-architected zero defect circuit','2022-02-13 06:47:50'),(808,164,2,'Front-line leading edge conglomeration','2021-12-08 04:07:07'),(809,59,2,'Cloned executive installation','2021-10-15 17:34:45'),(810,200,2,'Enhanced 3rd generation help-desk','2021-12-27 23:11:22'),(811,173,2,'Managed disintermediate neural-net','2022-08-21 07:55:41'),(812,68,2,'Integrated maximized customer loyalty','2022-04-17 20:59:12'),(813,65,2,'Quality-focused client-server solution','2021-11-24 12:13:40'),(814,71,2,'Grass-roots directional productivity','2022-04-16 08:41:53'),(815,111,2,'Expanded value-added interface','2022-03-21 19:29:48'),(816,142,2,'Automated full-range attitude','2022-02-01 18:46:48'),(817,177,2,'Stand-alone scalable collaboration','2022-01-06 17:00:31'),(818,109,2,'Synergistic zero administration migration','2022-03-10 02:54:36'),(819,114,2,'Implemented system-worthy moratorium','2022-08-25 13:32:14'),(820,192,2,'Triple-buffered full-range protocol','2022-03-25 22:30:39'),(821,119,2,'Diverse non-volatile help-desk','2022-08-19 00:14:36'),(822,116,2,'Cross-platform zero administration standardization','2021-12-03 22:17:01'),(823,172,2,'Operative system-worthy strategy','2022-05-29 00:31:19'),(824,164,2,'Implemented tangible projection','2022-05-31 03:01:41'),(825,102,2,'Synergized static time-frame','2021-12-17 10:09:21'),(826,118,2,'Open-source object-oriented groupware','2022-07-27 15:14:52'),(827,84,2,'Public-key composite core','2022-04-29 00:16:16'),(828,163,2,'Re-contextualized non-volatile contingency','2022-01-26 22:31:06'),(829,66,2,'Proactive transitional core','2022-09-24 08:46:14'),(830,87,2,'Up-sized clear-thinking algorithm','2022-03-24 11:18:21'),(831,187,2,'Multi-lateral global benchmark','2022-08-20 01:37:41'),(832,178,2,'Universal methodical architecture','2022-08-15 20:24:29'),(833,125,2,'Integrated next generation access','2021-11-09 16:34:27'),(834,192,2,'Devolved actuating flexibility','2022-06-23 10:13:33'),(835,88,2,'Re-engineered mission-critical circuit','2021-11-13 14:33:33'),(836,110,2,'Public-key analyzing success','2022-04-03 02:40:21'),(837,85,2,'Front-line eco-centric service-desk','2021-11-17 18:34:50'),(838,193,2,'Versatile tangible interface','2022-07-19 19:48:01'),(839,65,2,'Phased empowering success','2021-12-08 19:26:51'),(840,143,2,'Reverse-engineered executive collaboration','2022-01-23 02:52:57'),(841,169,2,'Re-contextualized mission-critical infrastructure','2022-06-27 13:18:53'),(842,68,2,'Visionary holistic collaboration','2022-07-09 15:22:31'),(843,80,2,'Reduced zero administration archive','2022-05-09 02:19:38'),(844,146,2,'Universal dedicated strategy','2022-06-10 15:41:00'),(845,141,2,'User-friendly maximized flexibility','2022-09-11 16:09:45'),(846,66,2,'Visionary transitional product','2022-03-05 10:09:02'),(847,153,2,'Switchable mission-critical intranet','2021-12-15 03:12:20'),(848,72,2,'Reactive 5th generation strategy','2021-12-24 14:55:42'),(849,145,2,'Distributed fault-tolerant extranet','2022-09-03 14:00:20'),(850,161,2,'Programmable real-time methodology','2022-07-05 21:05:56'),(851,171,2,'Synchronised methodical framework','2022-06-17 10:29:14'),(852,173,2,'Triple-buffered tangible focus group','2022-04-12 16:56:18'),(853,150,2,'Reactive multi-state matrices','2022-06-30 09:44:45'),(854,179,2,'Ameliorated content-based process improvement','2021-10-31 09:15:16'),(855,97,2,'Reactive user-facing budgetary management','2022-06-21 13:11:40'),(856,194,2,'Assimilated high-level knowledge user','2022-07-02 16:13:45'),(857,184,2,'Innovative leading edge capacity','2022-02-21 20:32:26'),(858,136,2,'Distributed client-driven installation','2022-09-18 16:36:04'),(859,76,2,'Open-architected multi-state encryption','2021-10-09 20:09:11'),(860,73,2,'Exclusive zero defect emulation','2022-04-02 08:16:06'),(861,83,2,'Configurable dynamic artificial intelligence','2021-11-23 04:39:37'),(862,147,2,'Virtual uniform adapter','2022-07-20 23:06:03'),(863,137,2,'Synchronised zero defect database','2021-12-28 04:57:06'),(864,191,2,'Team-oriented static functionalities','2021-12-09 05:03:23'),(865,195,2,'Distributed clear-thinking project','2021-10-20 06:49:46'),(866,56,2,'Synergized secondary application','2022-03-22 15:27:15'),(867,88,2,'Inverse clear-thinking standardization','2022-03-02 08:23:00'),(868,75,2,'Expanded homogeneous contingency','2022-04-30 19:27:47'),(869,59,2,'Synergistic global encoding','2022-01-04 18:06:48'),(870,167,2,'Re-engineered static Graphical User Interface','2022-08-29 05:56:21'),(871,161,2,'User-centric multi-tasking local area network','2021-10-26 23:03:59'),(872,104,2,'Profit-focused local implementation','2022-01-21 13:25:36'),(873,134,2,'Reverse-engineered value-added info-mediaries','2022-03-07 15:27:53'),(874,159,2,'Mandatory bifurcated leverage','2022-06-23 13:37:01'),(875,194,2,'Intuitive optimal attitude','2022-01-09 01:00:21'),(876,143,2,'Right-sized multi-tasking frame','2021-10-17 23:26:59'),(877,81,2,'Organic zero defect contingency','2021-10-04 15:27:03'),(878,74,2,'Multi-layered logistical groupware','2021-10-02 19:37:25'),(879,79,2,'Integrated 5th generation success','2022-08-02 11:50:45'),(880,118,2,'Public-key contextually-based interface','2022-07-18 03:53:32'),(881,157,2,'Versatile zero administration structure','2021-12-04 11:05:33'),(882,78,2,'Multi-layered value-added capability','2022-09-19 06:37:29'),(883,169,2,'Seamless disintermediate firmware','2022-08-18 10:19:10'),(884,111,2,'Function-based intermediate benchmark','2022-01-23 06:05:09'),(885,146,2,'Seamless full-range ability','2022-06-11 09:49:44'),(886,199,2,'Front-line reciprocal migration','2021-12-13 00:19:58'),(887,56,2,'Grass-roots eco-centric portal','2022-03-10 12:55:19'),(888,80,2,'Business-focused methodical installation','2022-04-04 12:24:48'),(889,181,2,'Multi-channelled bottom-line info-mediaries','2022-04-29 14:56:46'),(890,169,2,'Organic eco-centric adapter','2021-12-15 08:08:03'),(891,101,2,'Ergonomic mission-critical orchestration','2021-12-09 13:21:36'),(892,98,2,'Function-based value-added installation','2022-04-07 16:20:32'),(893,134,2,'Compatible asymmetric application','2022-04-26 22:59:24'),(894,178,2,'Proactive static help-desk','2022-08-06 04:33:20'),(895,136,2,'Enhanced radical flexibility','2022-04-20 19:17:03'),(896,97,2,'Expanded content-based success','2022-02-03 09:24:59'),(897,175,2,'Reverse-engineered attitude-oriented policy','2022-01-23 10:31:25'),(898,84,2,'Ameliorated heuristic strategy','2021-12-25 22:36:35'),(899,144,2,'Polarised empowering ability','2021-11-25 01:25:50'),(900,120,2,'Persistent contextually-based customer loyalty','2021-12-07 11:41:31'),(901,118,2,'Ameliorated asymmetric throughput','2021-12-28 09:28:57'),(902,177,2,'Intuitive needs-based throughput','2022-03-04 23:33:49'),(903,183,2,'Persistent modular installation','2022-03-26 13:03:14'),(904,182,2,'Pre-emptive asynchronous benchmark','2022-01-12 06:35:15'),(905,160,2,'Stand-alone content-based support','2022-05-27 22:51:20'),(906,56,2,'Right-sized optimal initiative','2022-04-17 17:22:06'),(907,195,2,'Innovative background parallelism','2022-08-26 10:18:11'),(908,161,2,'Secured systemic moderator','2021-11-20 15:20:01'),(909,168,2,'Balanced encompassing encoding','2022-09-09 08:53:43'),(910,155,2,'Self-enabling exuding success','2022-06-06 04:07:17'),(911,74,2,'Exclusive zero administration process improvement','2021-10-22 06:33:58'),(912,151,2,'Assimilated real-time paradigm','2022-07-24 19:06:52'),(913,185,2,'Intuitive client-driven neural-net','2022-04-14 02:02:18'),(914,123,2,'Profound interactive open system','2021-11-02 02:26:58'),(915,156,2,'Fully-configurable logistical attitude','2022-04-03 13:57:33'),(916,62,2,'Stand-alone modular help-desk','2021-11-19 11:57:31'),(917,89,2,'Progressive hybrid policy','2022-05-24 18:37:08'),(918,59,2,'Visionary scalable protocol','2022-01-03 14:04:01'),(919,124,2,'Sharable client-driven pricing structure','2022-01-25 13:18:36'),(920,98,2,'Monitored homogeneous hub','2021-11-26 07:49:24'),(921,64,2,'Seamless value-added circuit','2022-01-14 14:18:21'),(922,127,2,'Re-contextualized real-time alliance','0000-00-00 00:00:00'),(923,92,2,'Proactive context-sensitive approach','2022-06-28 08:52:59'),(924,177,2,'Extended leading edge internet solution','0000-00-00 00:00:00'),(925,110,2,'Re-engineered static interface','2022-02-10 06:22:10'),(926,119,2,'Profound analyzing Graphical User Interface','2021-10-22 05:04:39'),(927,65,2,'Advanced bifurcated pricing structure','2021-12-02 06:04:05'),(928,67,2,'Ergonomic impactful functionalities','2022-07-19 20:51:23'),(929,90,2,'Diverse zero defect collaboration','2022-06-17 08:47:57'),(930,195,2,'Progressive executive hardware','2021-12-15 16:49:14'),(931,59,2,'User-friendly neutral knowledge base','2022-02-10 01:27:41'),(932,105,2,'Multi-tiered dedicated knowledge base','2022-07-31 11:47:58'),(933,150,2,'Inverse background extranet','2021-12-13 02:14:45'),(934,87,2,'Decentralized client-driven help-desk','2022-07-17 06:32:45'),(935,81,2,'Stand-alone web-enabled analyzer','2022-05-14 00:06:28'),(936,94,2,'Devolved context-sensitive migration','2021-11-11 04:44:46'),(937,175,2,'Cross-platform interactive product','2022-01-11 09:34:21'),(938,96,2,'Future-proofed web-enabled migration','2022-06-04 00:15:43'),(939,199,2,'Extended secondary service-desk','2022-06-10 00:23:12'),(940,64,2,'Re-engineered value-added pricing structure','2022-06-01 13:40:20'),(941,117,2,'Compatible empowering definition','2021-10-25 13:04:34'),(942,194,2,'Seamless leading edge service-desk','2021-11-15 16:51:53'),(943,120,2,'Programmable empowering hierarchy','2022-04-28 06:36:01'),(944,118,2,'Progressive systemic open system','2021-10-02 19:31:38'),(945,177,2,'Multi-layered radical Graphic Interface','2022-02-09 23:03:46'),(946,185,2,'Assimilated intermediate forecast','2021-10-20 03:13:46'),(947,191,2,'Quality-focused local customer loyalty','2021-10-17 13:51:21'),(948,51,2,'Upgradable logistical projection','2022-01-28 08:52:08'),(949,79,2,'Cloned zero tolerance concept','2022-08-31 00:11:02'),(950,192,2,'Intuitive radical secured line','2022-07-06 02:08:20'),(951,75,2,'Enterprise-wide encompassing model','2021-10-28 11:18:43'),(952,194,2,'Reactive 24 hour knowledge user','2022-06-04 18:52:38'),(953,97,2,'Right-sized logistical leverage','2022-03-19 01:29:16'),(954,151,2,'Synchronised logistical analyzer','2021-12-14 07:40:46'),(955,115,2,'Public-key local artificial intelligence','2021-10-28 17:48:06'),(956,71,2,'Re-engineered 4th generation monitoring','2022-02-25 13:44:21'),(957,110,2,'Upgradable bi-directional utilisation','2021-12-26 10:26:19'),(958,136,2,'Balanced static hardware','2021-10-22 01:39:08'),(959,148,2,'Multi-channelled analyzing synergy','2022-02-05 11:38:11'),(960,132,2,'Function-based tangible task-force','2022-04-24 17:18:08'),(961,164,2,'Universal next generation success','2022-07-03 08:45:29'),(962,77,2,'Profit-focused bi-directional local area network','2022-04-30 09:55:02'),(963,141,2,'Face to face holistic hierarchy','2021-12-24 15:48:16'),(964,125,2,'Innovative global focus group','2022-04-07 17:23:24'),(965,149,2,'Virtual bifurcated budgetary management','2022-02-13 06:41:40'),(966,172,2,'Open-source multimedia interface','2022-02-07 00:33:39'),(967,65,2,'Optimized needs-based definition','2022-09-02 20:16:06'),(968,54,2,'Robust mission-critical hierarchy','2022-05-05 12:33:40'),(969,172,2,'Sharable cohesive application','2022-03-19 18:28:52'),(970,52,2,'Profit-focused secondary neural-net','2022-08-29 12:00:43'),(971,139,2,'Configurable local strategy','2022-03-24 05:56:44'),(972,192,2,'Proactive system-worthy array','2022-06-07 18:37:59'),(973,194,2,'Total systematic implementation','2022-03-29 21:39:02'),(974,193,2,'Intuitive content-based contingency','2022-04-27 14:09:16'),(975,185,2,'Extended heuristic knowledge user','0000-00-00 00:00:00'),(976,146,2,'Re-contextualized bottom-line collaboration','2022-03-10 12:00:49'),(977,122,2,'Optimized tangible capability','2021-10-18 11:41:32'),(978,120,2,'Seamless coherent process improvement','2022-09-04 18:25:56'),(979,186,2,'Universal next generation initiative','2021-10-27 03:10:46'),(980,70,2,'Implemented disintermediate policy','2022-06-29 14:25:05'),(981,190,2,'User-centric tangible model','2022-06-10 02:06:32'),(982,94,2,'Multi-tiered homogeneous algorithm','2022-02-22 15:01:54'),(983,144,2,'Programmable multimedia throughput','2021-11-01 12:28:51'),(984,91,2,'Cloned zero tolerance capability','2022-09-28 13:01:14'),(985,122,2,'Innovative tangible help-desk','2022-08-29 01:11:26'),(986,137,2,'Switchable non-volatile budgetary management','2022-04-25 03:07:56'),(987,118,2,'Enterprise-wide real-time help-desk','2022-09-22 16:10:51'),(988,129,2,'Compatible asynchronous protocol','0000-00-00 00:00:00'),(989,89,2,'Versatile exuding pricing structure','2022-04-17 03:28:38'),(990,158,2,'Front-line intermediate instruction set','2022-06-04 08:26:04'),(991,173,2,'Reduced web-enabled functionalities','2022-03-02 01:14:37'),(992,190,2,'Expanded content-based capacity','2021-11-10 03:35:59'),(993,83,2,'Universal high-level application','2022-03-20 00:22:51'),(994,93,2,'Future-proofed clear-thinking firmware','2022-03-07 05:35:31'),(995,163,2,'Vision-oriented clear-thinking hardware','2022-05-10 03:26:41'),(996,186,2,'Monitored motivating software','2022-02-20 02:24:55'),(997,95,2,'Exclusive intangible ability','2022-03-05 02:07:56'),(998,161,2,'Organic bandwidth-monitored superstructure','2022-09-08 12:55:32'),(999,173,2,'Operative exuding flexibility','2022-01-21 16:17:00'),(1000,181,2,'Horizontal methodical firmware','2021-11-19 00:14:21'),(1001,185,2,'Cross-group multimedia access','2022-09-05 00:56:18');
/*!40000 ALTER TABLE `comments` ENABLE KEYS */;

--
-- Table structure for table `movies`
--

DROP TABLE IF EXISTS `movies`;
/*!40101 SET @saved_cs_client     = @@character_set_client */;
/*!50503 SET character_set_client = utf8mb4 */;
CREATE TABLE `movies` (
  `movie_id` int(11) unsigned NOT NULL AUTO_INCREMENT,
  `title` varchar(128) DEFAULT '',
  `description` text DEFAULT NULL,
  `yt_trailer` varchar(256) DEFAULT NULL,
  `photo` varchar(256) DEFAULT NULL,
  PRIMARY KEY (`movie_id`)
) ENGINE=InnoDB AUTO_INCREMENT=3 DEFAULT CHARSET=utf8 COLLATE=utf8_general_ci;
/*!40101 SET character_set_client = @saved_cs_client */;

--
-- Dumping data for table `movies`
--

/*!40000 ALTER TABLE `movies` DISABLE KEYS */;
INSERT INTO `movies` VALUES (1,'Hunger Games: The Ballad of Songbirds & Snakes','De jonge Coriolanus (Tom Blyth) is de laatste hoop van de familie Snow. Ooit waren ze oppermachtig maar in het na-oorlogse Capitool vielen ze in ongenade... en enkel hij kan de familienaam in ere herstellen. Met de jaarlijkse Hongerspelen in aantocht, wordt hij aangeduid als mentor van Lucy Gray Baird (Rachel Zegler), een tribuut uit het verguisde District 12. Wanneer Lucy met haar charme het publiek van Panem verovert, ziet Snow een kans om zijn lot te keren. Hij overtuigt haar om hun krachten te verenigen.Verscheurd tussen het goede en het kwade in zichzelf, zet Snow alles op alles om te overleven. Is hij een zangvogel... of toch een slang?','NxW_X4kzeus','https://cdn.kinepolis.be/images/BE/65459BAD-CA99-4711-A97B-E049A5FA94D2/HO00008954/0000022237/Hunger_Games:_The_Ballad_of_Songbirds_&_Snakes.jpg'),(2,'Napoleon','Zin in nog meer Napoleon? Ontdek ons speciaal event: \"Napoleon: Film en Facts met Johan Op De Beeck\", een unieke lezing over de Franse staatsman door Napoleon-kenner en meesterverteller Johan Op de Beeck gevolgd door de vertoning van de epische film Napoleon.','OAZWXUkrjPc','https://cdn.kinepolis.be/images/BE/65459BAD-CA99-4711-A97B-E049A5FA94D2/HO00009534/0000022681/Napoleon.jpg');
/*!40000 ALTER TABLE `movies` ENABLE KEYS */;

--
-- Table structure for table `order_details`
--

DROP TABLE IF EXISTS `order_details`;
/*!40101 SET @saved_cs_client     = @@character_set_client */;
/*!50503 SET character_set_client = utf8mb4 */;
CREATE TABLE `order_details` (
  `order_detail_id` int(11) unsigned NOT NULL AUTO_INCREMENT,
  `order_id` int(11) DEFAULT NULL,
  `schedule_id` int(11) DEFAULT NULL,
  `seat` varchar(11) DEFAULT NULL,
  PRIMARY KEY (`order_detail_id`)
) ENGINE=InnoDB AUTO_INCREMENT=56 DEFAULT CHARSET=utf8 COLLATE=utf8_general_ci;
/*!40101 SET character_set_client = @saved_cs_client */;

--
-- Dumping data for table `order_details`
--

/*!40000 ALTER TABLE `order_details` DISABLE KEYS */;
INSERT INTO `order_details` VALUES (1,1,1,'01;01'),(2,1,1,'01;02'),(3,1,1,'01;03'),(4,1,1,'01;04'),(5,2,3,'03;12'),(6,2,3,'03;13'),(7,3,1,'03;05'),(8,3,1,'03;06'),(9,3,1,'03;07'),(10,4,1,'10;06'),(11,4,1,'10;07'),(12,4,1,'10;08'),(13,4,1,'10;09'),(48,26,3,'10;06'),(49,26,3,'10;07'),(50,26,3,'10;08'),(51,27,2,'15;08'),(52,28,1,'05;05'),(53,28,1,'05;06'),(54,28,1,'05;07'),(55,28,1,'05;08');
/*!40000 ALTER TABLE `order_details` ENABLE KEYS */;

--
-- Table structure for table `orders`
--

DROP TABLE IF EXISTS `orders`;
/*!40101 SET @saved_cs_client     = @@character_set_client */;
/*!50503 SET character_set_client = utf8mb4 */;
CREATE TABLE `orders` (
  `order_id` int(11) unsigned NOT NULL AUTO_INCREMENT,
  `firstname` varchar(128) DEFAULT NULL,
  `lastname` varchar(128) DEFAULT NULL,
  `email` varchar(128) DEFAULT NULL,
  `date` datetime DEFAULT NULL,
  PRIMARY KEY (`order_id`)
) ENGINE=InnoDB AUTO_INCREMENT=5 DEFAULT CHARSET=utf8 COLLATE=utf8_general_ci;
/*!40101 SET character_set_client = @saved_cs_client */;

--
-- Dumping data for table `orders`
--

/*!40000 ALTER TABLE `orders` DISABLE KEYS */;
INSERT INTO `orders` VALUES (1,'Dieter','De Weirdt','dieter@deweirdt.be','2023-12-05 21:00:00'),(2,'Bram','Braem','bram@bream.be','2023-12-05 21:07:00'),(3,'Me','Myself','me@myself.i','2023-12-05 20:47:30'),(4,'Pol','Pottie','pol@pottie.be','2023-12-05 20:48:44');
/*!40000 ALTER TABLE `orders` ENABLE KEYS */;

--
-- Table structure for table `rooms`
--

DROP TABLE IF EXISTS `rooms`;
/*!40101 SET @saved_cs_client     = @@character_set_client */;
/*!50503 SET character_set_client = utf8mb4 */;
CREATE TABLE `rooms` (
  `room_id` int(11) unsigned NOT NULL AUTO_INCREMENT,
  `name` varchar(128) DEFAULT NULL,
  `rows` int(11) DEFAULT NULL,
  `seats` int(11) DEFAULT NULL,
  PRIMARY KEY (`room_id`)
) ENGINE=InnoDB AUTO_INCREMENT=5 DEFAULT CHARSET=utf8 COLLATE=utf8_general_ci;
/*!40101 SET character_set_client = @saved_cs_client */;

--
-- Dumping data for table `rooms`
--

/*!40000 ALTER TABLE `rooms` DISABLE KEYS */;
INSERT INTO `rooms` VALUES (1,'Kortrijk Zaal 1',10,15),(2,'Kortrijk Zaal 2',15,15),(3,'Gent Zaal 1',12,20),(4,'Gent Zaal 2',15,21);
/*!40000 ALTER TABLE `rooms` ENABLE KEYS */;

--
-- Table structure for table `schedules`
--

DROP TABLE IF EXISTS `schedules`;
/*!40101 SET @saved_cs_client     = @@character_set_client */;
/*!50503 SET character_set_client = utf8mb4 */;
CREATE TABLE `schedules` (
  `schedule_id` int(11) unsigned NOT NULL AUTO_INCREMENT,
  `movie_id` int(11) DEFAULT NULL,
  `room_id` int(11) DEFAULT NULL,
  `start_date` datetime DEFAULT NULL,
  PRIMARY KEY (`schedule_id`)
) ENGINE=InnoDB AUTO_INCREMENT=4 DEFAULT CHARSET=utf8 COLLATE=utf8_general_ci;
/*!40101 SET character_set_client = @saved_cs_client */;

--
-- Dumping data for table `schedules`
--

/*!40000 ALTER TABLE `schedules` DISABLE KEYS */;
INSERT INTO `schedules` VALUES (1,1,1,'2023-12-12 20:00:00'),(2,1,2,'2023-12-12 22:00:00'),(3,2,1,'2023-12-13 14:00:00');
/*!40000 ALTER TABLE `schedules` ENABLE KEYS */;

--
-- Table structure for table `users`
--

DROP TABLE IF EXISTS `users`;
/*!40101 SET @saved_cs_client     = @@character_set_client */;
/*!50503 SET character_set_client = utf8mb4 */;
CREATE TABLE `users` (
  `user_id` int(10) unsigned NOT NULL AUTO_INCREMENT,
  `first_name` varchar(256) DEFAULT NULL,
  `last_name` varchar(256) DEFAULT NULL,
  `email` varchar(256) DEFAULT NULL,
  `gender` varchar(11) DEFAULT NULL,
  `ip_address` varchar(64) DEFAULT NULL,
  PRIMARY KEY (`user_id`)
) ENGINE=InnoDB AUTO_INCREMENT=1051 DEFAULT CHARSET=utf8 COLLATE=utf8_general_ci;
/*!40101 SET character_set_client = @saved_cs_client */;

--
-- Dumping data for table `users`
--

/*!40000 ALTER TABLE `users` DISABLE KEYS */;
INSERT INTO `users` VALUES (51,'Alex','Magister','amagister0@networkadvertising.org','Female','132.79.194.207'),(52,'Trueman','Clapton','tclapton1@prlog.org','Male','79.94.120.24'),(53,'Lyndell','Christon','lchriston2@zdnet.com','Female','20.186.244.12'),(54,'Milton','Perigeaux','mperigeaux3@posterous.com','Male','30.78.223.102'),(55,'Rae','Gedge','rgedge4@parallels.com','Female','31.72.47.228'),(56,'Orv','Souttar','osouttar5@narod.ru','Male','50.4.108.9'),(57,'Amory','Laidlow','alaidlow6@instagram.com','Male','116.11.187.178'),(58,'Clementia','Paul','cpaul7@twitpic.com','Female','59.86.51.141'),(59,'Jackelyn','Cannam','jcannam8@hhs.gov','Female','44.128.193.7'),(60,'Flori','Jaukovic','fjaukovic9@mapquest.com','Female','144.207.150.123'),(61,'Caleb','Adshede','cadshedea@phpbb.com','Male','89.52.125.154'),(62,'Phil','Barrow','pbarrowb@ed.gov','Male','211.81.19.154'),(63,'Linn','Troth','ltrothc@sciencedaily.com','Male','64.197.16.231'),(64,'Athena','Mockford','amockfordd@oaic.gov.au','Female','32.208.135.254'),(65,'Brandais','Zumbusch','bzumbusche@newsvine.com','Female','25.67.250.139'),(66,'Herold','Iddens','hiddensf@nydailynews.com','Male','114.210.97.178'),(67,'Silva','Horche','shorcheg@mapquest.com','Female','152.63.220.252'),(68,'Baron','Purselow','bpurselowh@cyberchimps.com','Male','28.242.92.161'),(69,'Clair','McVicar','cmcvicari@tiny.cc','Male','243.15.213.27'),(70,'Ogdan','Lehemann','olehemannj@mlb.com','Male','201.102.189.211'),(71,'Davidde','Drawmer','ddrawmerk@merriam-webster.com','Male','242.139.2.205'),(72,'Morgan','Hiddersley','mhiddersleyl@i2i.jp','Male','218.146.81.231'),(73,'Dahlia','Disbrow','ddisbrowm@examiner.com','Female','244.14.96.148'),(74,'Brok','Maccari','bmaccarin@slate.com','Male','242.29.129.163'),(75,'Norbie','Caisley','ncaisleyo@java.com','Male','243.44.205.194'),(76,'Jolie','Voice','jvoicep@stumbleupon.com','Female','92.135.61.60'),(77,'Berti','Wisham','bwishamq@google.com','Male','57.131.184.92'),(78,'Bebe','O\' Kelleher','bokelleherr@upenn.edu','Female','109.96.20.203'),(79,'Cosimo','McGlew','cmcglews@tinypic.com','Male','243.205.254.114'),(80,'Neal','Duckham','nduckhamt@list-manage.com','Male','26.5.160.248'),(81,'Selig','Martusov','smartusovu@bigcartel.com','Male','246.143.0.73'),(82,'Cull','Itscowics','citscowicsv@qq.com','Male','55.246.43.189'),(83,'Yolane','Cusworth','ycusworthw@yellowbook.com','Female','91.87.182.128'),(84,'Donnie','Goodread','dgoodreadx@1688.com','Male','120.58.89.195'),(85,'Jewell','Callcott','jcallcotty@wunderground.com','Female','72.66.108.196'),(86,'Brocky','O\'Crigan','bocriganz@drupal.org','Male','63.52.108.244'),(87,'Bethany','Millott','bmillott10@zdnet.com','Female','244.90.29.66'),(88,'Rosita','Koomar','rkoomar11@admin.ch','Female','202.221.176.100'),(89,'Irma','Paulin','ipaulin12@pbs.org','Female','242.105.186.255'),(90,'Kesley','Belsher','kbelsher13@last.fm','Female','254.179.232.48'),(91,'Garner','Culligan','gculligan14@odnoklassniki.ru','Male','180.114.52.10'),(92,'Tory','Withey','twithey15@about.com','Female','208.67.153.93'),(93,'Lauretta','Le Leu','lleleu16@dagondesign.com','Female','177.140.231.176'),(94,'Arie','Clackson','aclackson17@nsw.gov.au','Male','29.112.36.13'),(95,'Chen','Knibbs','cknibbs18@alexa.com','Male','224.203.149.236'),(96,'Tania','Holdworth','tholdworth19@linkedin.com','Female','151.111.69.2'),(97,'Carolee','Mepsted','cmepsted1a@furl.net','Female','56.218.119.231'),(98,'Nolan','Gladwish','ngladwish1b@goo.ne.jp','Male','223.128.239.71'),(99,'Edward','Chinnick','echinnick1c@scientificamerican.com','Male','43.82.201.165'),(100,'Aryn','Dudson','adudson1d@moonfruit.com','Female','128.68.42.227'),(101,'Valaree','Kimberley','vkimberley1e@yahoo.co.jp','Female','46.194.234.217'),(102,'Raffaello','Chatel','rchatel1f@over-blog.com','Male','136.111.96.24'),(103,'Davine','Jewsbury','djewsbury1g@nih.gov','Female','3.54.123.75'),(104,'Whitney','Dowderswell','wdowderswell1h@opensource.org','Female','127.26.245.42'),(105,'Odie','Bockett','obockett1i@trellian.com','Male','10.131.68.215'),(106,'Guthrie','Devonish','gdevonish1j@cnn.com','Male','21.17.102.145'),(107,'Rance','Antonomoli','rantonomoli1k@smh.com.au','Male','85.164.41.229'),(108,'Patric','McColl','pmccoll1l@ustream.tv','Male','87.191.160.84'),(109,'Anderson','Brinkworth','abrinkworth1m@nyu.edu','Male','208.207.89.43'),(110,'Gene','Ledford','gledford1n@last.fm','Female','45.210.41.203'),(111,'Rafi','Ruslinge','rruslinge1o@studiopress.com','Male','150.16.114.27'),(112,'Launce','Rittmeyer','lrittmeyer1p@hugedomains.com','Male','10.12.140.144'),(113,'Kittie','Flynn','kflynn1q@exblog.jp','Female','180.44.4.110'),(114,'Alyssa','Prin','aprin1r@storify.com','Female','53.250.104.237'),(115,'Averil','Rackstraw','arackstraw1s@ted.com','Male','93.216.226.41'),(116,'Nevile','Karlolczak','nkarlolczak1t@mysql.com','Male','131.76.21.105'),(117,'Berenice','Iwanicki','biwanicki1u@abc.net.au','Female','135.137.167.240'),(118,'Ricoriki','Abramovitz','rabramovitz1v@flickr.com','Male','23.147.234.77'),(119,'Shermie','Mizzen','smizzen1w@webeden.co.uk','Male','218.26.227.113'),(120,'Sophey','O\'Dowling','sodowling1x@java.com','Female','109.188.10.33'),(121,'Wolfgang','Raymont','wraymont1y@princeton.edu','Male','29.55.186.50'),(122,'Burr','Falla','bfalla1z@timesonline.co.uk','Male','89.14.48.125'),(123,'Manuel','Raymen','mraymen20@nasa.gov','Male','154.60.89.108'),(124,'Ciro','Olliffe','colliffe21@amazon.co.jp','Male','121.180.242.198'),(125,'Penn','Quade','pquade22@alexa.com','Male','234.155.159.67'),(126,'Skipton','Townsend','stownsend23@google.nl','Male','30.147.52.208'),(127,'Calida','Paffett','cpaffett24@hostgator.com','Female','104.2.77.42'),(128,'Oliviero','Fishburn','ofishburn25@guardian.co.uk','Male','191.74.23.154'),(129,'Lodovico','Kneesha','lkneesha26@cdc.gov','Male','37.63.124.185'),(130,'Leighton','Gillivrie','lgillivrie27@cisco.com','Male','71.71.70.132'),(131,'Jackie','Cavolini','jcavolini28@usgs.gov','Female','125.129.27.175'),(132,'Valentin','Mannie','vmannie29@slashdot.org','Male','35.58.96.128'),(133,'Mirelle','McInnerny','mmcinnerny2a@tinypic.com','Female','30.87.212.238'),(134,'Twyla','Yepiskov','tyepiskov2b@google.de','Female','202.162.159.52'),(135,'Thom','Kilbey','tkilbey2c@hao123.com','Male','192.54.199.78'),(136,'Gianina','Hirtz','ghirtz2d@furl.net','Female','245.141.53.10'),(137,'Hale','Tolcher','htolcher2e@army.mil','Male','244.155.39.237'),(138,'Alexandros','Wigley','awigley2f@ocn.ne.jp','Male','62.30.109.31'),(139,'Paige','Duncanson','pduncanson2g@163.com','Female','75.216.61.254'),(140,'Ella','Terzo','eterzo2h@mit.edu','Female','73.119.210.119'),(141,'Wilfred','Yanshin','wyanshin2i@cnn.com','Male','128.51.160.98'),(142,'Valera','Sleeman','vsleeman2j@xinhuanet.com','Female','54.187.113.205'),(143,'Simeon','Cutbush','scutbush2k@lulu.com','Male','132.226.184.47'),(144,'Elvis','Wisker','ewisker2l@dell.com','Male','101.243.69.10'),(145,'Leora','Dummigan','ldummigan2m@elpais.com','Female','228.187.171.24'),(146,'Tod','O\'Feeny','tofeeny2n@gizmodo.com','Male','248.99.219.160'),(147,'Konstantin','Zanettini','kzanettini2o@istockphoto.com','Male','97.228.254.194'),(148,'Gizela','Cowap','gcowap2p@jugem.jp','Female','112.81.39.15'),(149,'Rafaelia','Gooders','rgooders2q@mail.ru','Female','93.124.142.33'),(150,'Laughton','Briskey','lbriskey2r@slate.com','Male','16.216.212.24'),(151,'Vassily','McWhannel','vmcwhannel2s@prweb.com','Male','245.162.176.117'),(152,'Gillian','Svanetti','gsvanetti2t@paypal.com','Female','63.175.213.234'),(153,'Rollin','Shurmer','rshurmer2u@cpanel.net','Male','167.241.89.67'),(154,'Alphard','Samwyse','asamwyse2v@mayoclinic.com','Male','216.169.148.62'),(155,'Rayna','Mariault','rmariault2w@wordpress.org','Female','173.40.242.205'),(156,'Adrea','Diaper','adiaper2x@pen.io','Female','74.223.66.42'),(157,'Garold','Morteo','gmorteo2y@51.la','Male','228.253.45.226'),(158,'Corine','Abbotts','cabbotts2z@sogou.com','Female','99.40.238.221'),(159,'Joseph','Lathleiffure','jlathleiffure30@sogou.com','Male','50.37.139.206'),(160,'Garland','Venediktov','gvenediktov31@ibm.com','Female','27.9.95.176'),(161,'Quintus','Edgecombe','qedgecombe32@posterous.com','Male','66.23.200.86'),(162,'Galvan','Caldes','gcaldes33@typepad.com','Male','104.67.182.135'),(163,'Lock','Messruther','lmessruther34@washingtonpost.com','Male','223.247.203.254'),(164,'Ginger','Loveredge','gloveredge35@weebly.com','Male','201.25.238.252'),(165,'Gilly','Winchurch','gwinchurch36@illinois.edu','Female','28.21.90.231'),(166,'Devi','Zarfati','dzarfati37@opera.com','Female','75.176.122.220'),(167,'Vally','O\'dell','vodell38@mediafire.com','Female','171.77.176.96'),(168,'Kaja','Buttfield','kbuttfield39@163.com','Female','230.11.32.231'),(169,'Em','Jedrzejewicz','ejedrzejewicz3a@java.com','Female','83.57.23.84'),(170,'Alard','Cyples','acyples3b@printfriendly.com','Male','0.172.78.128'),(171,'Kiersten','Moen','kmoen3c@businessinsider.com','Female','15.174.189.131'),(172,'Farris','Caulliere','fcaulliere3d@photobucket.com','Male','205.36.121.115'),(173,'Eden','Guerriero','eguerriero3e@theglobeandmail.com','Female','18.121.96.4'),(174,'Aimee','Hubbock','ahubbock3f@uiuc.edu','Female','25.62.36.224'),(175,'Minny','Orneles','morneles3g@house.gov','Female','0.130.166.77'),(176,'Carry','Proppers','cproppers3h@ted.com','Female','11.195.147.89'),(177,'Silvanus','Tanby','stanby3i@ask.com','Male','157.47.143.46'),(178,'Zebadiah','Portingale','zportingale3j@msn.com','Male','62.36.87.125'),(179,'Neely','Eilhertsen','neilhertsen3k@google.ca','Female','59.235.57.150'),(180,'Garrard','Lakenden','glakenden3l@house.gov','Male','18.214.227.175'),(181,'Kikelia','Klugman','kklugman3m@wiley.com','Female','52.84.164.74'),(182,'Joela','De Rye Barrett','jderyebarrett3n@opensource.org','Female','117.205.240.136'),(183,'Hilliard','Bellsham','hbellsham3o@delicious.com','Male','174.201.48.95'),(184,'Zedekiah','Thunnercliff','zthunnercliff3p@walmart.com','Male','244.119.86.23'),(185,'Fayth','Dur','fdur3q@odnoklassniki.ru','Female','30.95.166.39'),(186,'Ardyce','Santarelli','asantarelli3r@posterous.com','Female','210.64.194.142'),(187,'Malinda','Emery','memery3s@desdev.cn','Female','255.112.194.181'),(188,'Kele','Bilborough','kbilborough3t@yelp.com','Male','98.169.214.52'),(189,'Carrol','Arrell','carrell3u@cloudflare.com','Male','107.162.15.72'),(190,'Eugenie','Wilden','ewilden3v@unesco.org','Female','181.186.1.139'),(191,'Lucille','M\'Chirrie','lmchirrie3w@nifty.com','Female','160.243.165.234'),(192,'Theresina','Kneeshaw','tkneeshaw3x@salon.com','Female','123.154.3.78'),(193,'Marlane','Carvil','mcarvil3y@springer.com','Female','154.191.11.160'),(194,'Frankie','Mangeney','fmangeney3z@phoca.cz','Male','163.183.37.146'),(195,'Taddeusz','Dussy','tdussy40@so-net.ne.jp','Male','43.196.5.164'),(196,'Ceciley','Ladbrooke','cladbrooke41@sogou.com','Female','183.225.66.219'),(197,'Curt','Spyvye','cspyvye42@google.com.br','Male','67.226.209.199'),(198,'Rochester','Jennery','rjennery43@weather.com','Male','177.231.177.204'),(199,'Briant','Mewe','bmewe44@addtoany.com','Male','86.255.81.48'),(200,'Sean','Cordeau','scordeau45@illinois.edu','Female','60.65.145.21'),(201,'Jemimah','Yurevich','jyurevich46@thetimes.co.uk','Female','153.125.196.36'),(202,'Clementine','Breton','cbreton47@wiley.com','Female','108.55.63.165'),(203,'Shamus','McAlester','smcalester48@wix.com','Male','140.190.35.116'),(204,'Alric','Ferrillo','aferrillo49@mapquest.com','Male','160.131.71.170'),(205,'Orelie','Border','oborder4a@hubpages.com','Female','218.44.208.210'),(206,'Linea','Hulles','lhulles4b@gizmodo.com','Female','238.44.34.222'),(207,'Blondelle','Currier','bcurrier4c@ucsd.edu','Female','101.44.74.191'),(208,'Yuri','Minithorpe','yminithorpe4d@gnu.org','Male','143.22.52.143'),(209,'Sansone','Dumper','sdumper4e@cnet.com','Male','111.128.206.88'),(210,'Lolita','MacGeaney','lmacgeaney4f@eepurl.com','Female','191.105.41.164'),(211,'Alejandro','Sweatman','asweatman4g@google.com.au','Male','205.60.99.75'),(212,'Tobie','Thorsen','tthorsen4h@infoseek.co.jp','Male','7.140.103.103'),(213,'Mada','O\'Hartigan','mohartigan4i@independent.co.uk','Female','145.134.193.58'),(214,'Tillie','Ewan','tewan4j@dot.gov','Female','2.170.196.92'),(215,'Casie','Tiltman','ctiltman4k@irs.gov','Female','101.105.155.136'),(216,'Isaac','Sunnucks','isunnucks4l@intel.com','Male','235.27.152.201'),(217,'Augustus','Pesic','apesic4m@nyu.edu','Male','53.42.115.216'),(218,'Aluino','Nairns','anairns4n@yale.edu','Male','2.101.11.2'),(219,'Imogen','Floyd','ifloyd4o@ucoz.com','Female','179.151.159.17'),(220,'Ephrem','Zorzutti','ezorzutti4p@google.it','Male','189.218.212.246'),(221,'Gian','Sarrell','gsarrell4q@sciencedaily.com','Male','212.114.40.79'),(222,'Johnath','Keme','jkeme4r@1und1.de','Female','20.205.193.141'),(223,'Karol','Le Leu','kleleu4s@1688.com','Female','95.3.12.19'),(224,'Roderich','Shinefield','rshinefield4t@yahoo.co.jp','Male','48.48.112.221'),(225,'Anneliese','Geleman','ageleman4u@cnet.com','Female','231.23.196.127'),(226,'Rozele','Eseler','reseler4v@oracle.com','Female','226.177.147.97'),(227,'Norby','Phizackerly','nphizackerly4w@businesswire.com','Male','3.44.53.172'),(228,'Eldredge','Mosson','emosson4x@slate.com','Male','182.150.250.61'),(229,'Spike','Carvil','scarvil4y@jugem.jp','Male','78.34.141.37'),(230,'Halie','Tschersich','htschersich4z@meetup.com','Female','33.185.233.232'),(231,'Elayne','Dingle','edingle50@4shared.com','Female','163.2.201.87'),(232,'Leisha','Gawthorp','lgawthorp51@digg.com','Female','146.43.39.69'),(233,'Daffie','Petz','dpetz52@imageshack.us','Female','194.107.176.63'),(234,'Hubie','Hastie','hhastie53@about.me','Male','234.158.27.10'),(235,'Daveta','Greenhaugh','dgreenhaugh54@cnet.com','Female','228.134.60.181'),(236,'Dre','Gumary','dgumary55@sciencedaily.com','Female','194.97.121.161'),(237,'Lemmie','Flemming','lflemming56@aol.com','Male','156.18.138.54'),(238,'Egan','Railton','erailton57@examiner.com','Male','128.97.38.249'),(239,'Daphene','Santino','dsantino58@nps.gov','Female','200.193.155.59'),(240,'Rab','Ledner','rledner59@hud.gov','Male','80.111.129.158'),(241,'Meriel','Henaughan','mhenaughan5a@github.io','Female','124.162.217.205'),(242,'Abbye','Atthow','aatthow5b@tripadvisor.com','Female','96.181.153.228'),(243,'Leonidas','Castagne','lcastagne5c@reference.com','Male','92.84.167.118'),(244,'Adolph','Comusso','acomusso5d@icq.com','Male','255.70.246.177'),(245,'Aluin','Christauffour','achristauffour5e@soundcloud.com','Male','18.185.58.122'),(246,'Barret','Eyer','beyer5f@domainmarket.com','Male','188.232.148.132'),(247,'Charin','Kelemen','ckelemen5g@multiply.com','Female','160.145.63.163'),(248,'Corrine','Karran','ckarran5h@businessinsider.com','Female','130.65.48.94'),(249,'Jethro','Guitton','jguitton5i@zimbio.com','Male','168.108.26.123'),(250,'Pattie','Hales','phales5j@economist.com','Male','243.211.162.90'),(251,'Aleen','Sargerson','asargerson5k@free.fr','Female','68.155.95.11'),(252,'Julina','Upcott','jupcott5l@instagram.com','Female','178.122.40.227'),(253,'Jorry','Chadband','jchadband5m@walmart.com','Female','176.221.160.21'),(254,'Hank','Mickleburgh','hmickleburgh5n@census.gov','Male','18.124.53.223'),(255,'Corri','Andrioletti','candrioletti5o@rambler.ru','Female','215.48.154.109'),(256,'Farley','Kiefer','fkiefer5p@army.mil','Male','170.58.210.219'),(257,'Aurelia','Pennings','apennings5q@harvard.edu','Female','150.51.52.204'),(258,'Carlin','Sawell','csawell5r@amazon.co.jp','Male','54.73.18.99'),(259,'Wenda','Dodd','wdodd5s@hud.gov','Female','218.183.223.191'),(260,'Lidia','Iglesias','liglesias5t@hatena.ne.jp','Female','72.94.120.11'),(261,'Hailee','Spriggen','hspriggen5u@squarespace.com','Female','26.236.137.129'),(262,'Gallagher','Pelzer','gpelzer5v@github.io','Male','203.51.19.40'),(263,'Maurine','Crake','mcrake5w@ehow.com','Female','164.14.153.223'),(264,'Lauree','Syalvester','lsyalvester5x@tamu.edu','Female','97.69.103.36'),(265,'Warren','Piddletown','wpiddletown5y@msu.edu','Male','112.124.76.17'),(266,'Kincaid','Mauchline','kmauchline5z@state.tx.us','Male','6.85.186.240'),(267,'Grissel','Erbe','gerbe60@livejournal.com','Female','171.251.160.39'),(268,'Velvet','Cadden','vcadden61@cbc.ca','Female','159.208.86.133'),(269,'Tripp','Hodges','thodges62@webnode.com','Male','0.25.104.125'),(270,'Saxon','Lotwich','slotwich63@epa.gov','Male','42.66.70.232'),(271,'Grantley','Ralph','gralph64@columbia.edu','Male','171.121.230.155'),(272,'Quillan','Reven','qreven65@springer.com','Male','18.205.184.27'),(273,'Kareem','Hiland','khiland66@bloglines.com','Male','240.70.236.101'),(274,'Darbie','Folliott','dfolliott67@cnbc.com','Female','245.221.138.27'),(275,'Meridith','Matchitt','mmatchitt68@google.ru','Female','15.100.7.250'),(276,'Mari','Hoofe','mhoofe69@europa.eu','Female','218.66.232.118'),(277,'Tonya','Isacq','tisacq6a@com.com','Female','235.222.218.27'),(278,'Gearalt','Kardos','gkardos6b@irs.gov','Male','79.82.66.179'),(279,'Marilee','Albisser','malbisser6c@microsoft.com','Female','243.2.218.159'),(280,'Dyna','Krauze','dkrauze6d@creativecommons.org','Female','170.9.141.149'),(281,'Nanon','Redwin','nredwin6e@simplemachines.org','Female','176.230.50.168'),(282,'Hedy','Kirstein','hkirstein6f@elpais.com','Female','200.9.89.243'),(283,'Annabal','Kreber','akreber6g@t.co','Female','81.44.127.43'),(284,'Lon','Gurnay','lgurnay6h@dagondesign.com','Male','92.122.213.181'),(285,'Tedra','Dugall','tdugall6i@1und1.de','Female','247.144.233.217'),(286,'Tilly','Amar','tamar6j@bloglovin.com','Female','14.139.222.171'),(287,'Celka','Jacobowitz','cjacobowitz6k@taobao.com','Female','194.231.183.207'),(288,'Eileen','Franses','efranses6l@surveymonkey.com','Female','113.41.91.143'),(289,'Daryle','Terrelly','dterrelly6m@biglobe.ne.jp','Male','198.74.68.38'),(290,'Pippy','Edgett','pedgett6n@newsvine.com','Female','138.122.162.221'),(291,'L;urette','Havile','lhavile6o@tinypic.com','Female','26.225.7.118'),(292,'Brandon','Oakwood','boakwood6p@sbwire.com','Male','245.26.232.24'),(293,'Sadella','Bolger','sbolger6q@sakura.ne.jp','Female','23.12.115.168'),(294,'D\'arcy','Eady','deady6r@is.gd','Male','75.124.13.91'),(295,'Blaire','Stanning','bstanning6s@opensource.org','Female','49.172.253.33'),(296,'Nilson','Dries','ndries6t@berkeley.edu','Male','184.212.86.220'),(297,'Cully','Basill','cbasill6u@un.org','Male','34.76.121.236'),(298,'Northrop','Ormiston','normiston6v@bing.com','Male','204.229.66.236'),(299,'Nevile','Callan','ncallan6w@senate.gov','Male','78.133.110.103'),(300,'Gabrila','Rolph','grolph6x@buzzfeed.com','Female','0.28.189.151'),(301,'Blaine','Boddy','bboddy6y@businesswire.com','Male','79.201.16.73'),(302,'Georg','Wych','gwych6z@virginia.edu','Male','166.68.124.35'),(303,'Ranee','Jahn','rjahn70@xrea.com','Female','201.166.7.39'),(304,'Harv','Matonin','hmatonin71@rambler.ru','Male','217.54.216.198'),(305,'Eddy','Hartshorn','ehartshorn72@umich.edu','Male','94.54.135.91'),(306,'Misty','Littledyke','mlittledyke73@webmd.com','Female','54.145.18.137'),(307,'Oswell','Ruske','oruske74@is.gd','Male','186.210.222.39'),(308,'Zak','Aldhous','zaldhous75@1und1.de','Male','50.185.63.72'),(309,'Dewey','Revell','drevell76@psu.edu','Male','48.113.3.221'),(310,'Wat','Powys','wpowys77@scientificamerican.com','Male','131.29.35.172'),(311,'Gratiana','Coppens','gcoppens78@ucoz.com','Female','83.3.53.196'),(312,'Andie','Row','arow79@123-reg.co.uk','Female','230.242.86.28'),(313,'Henrietta','Edy','hedy7a@photobucket.com','Female','246.151.219.174'),(314,'Etan','Lissimore','elissimore7b@columbia.edu','Male','14.64.221.198'),(315,'Alvy','MacAnespie','amacanespie7c@nature.com','Male','20.193.35.182'),(316,'Catarina','Neate','cneate7d@guardian.co.uk','Female','202.250.83.225'),(317,'Biron','Castellini','bcastellini7e@reuters.com','Male','127.178.240.169'),(318,'Chrysa','Zucker','czucker7f@hp.com','Female','229.136.234.18'),(319,'Shamus','Birckmann','sbirckmann7g@typepad.com','Male','118.220.33.78'),(320,'Bastian','Georgins','bgeorgins7h@theguardian.com','Male','199.42.166.76'),(321,'Rodolfo','Wood','rwood7i@economist.com','Male','163.85.168.183'),(322,'Ingram','Parsand','iparsand7j@hexun.com','Male','168.14.0.165'),(323,'Ozzy','Rochester','orochester7k@ucsd.edu','Male','135.218.207.84'),(324,'Chaim','Melarkey','cmelarkey7l@amazon.co.jp','Male','81.242.230.123'),(325,'Louella','Marchetti','lmarchetti7m@typepad.com','Female','89.190.74.254'),(326,'Toby','Aysik','taysik7n@reddit.com','Male','161.95.250.128'),(327,'Shalna','Trickey','strickey7o@hhs.gov','Female','173.56.92.227'),(328,'Alyssa','Fain','afain7p@weather.com','Female','23.76.232.66'),(329,'Gayle','Gubbins','ggubbins7q@hatena.ne.jp','Male','1.89.49.133'),(330,'Mabel','Brenston','mbrenston7r@discuz.net','Female','255.186.203.225'),(331,'Bale','Webb','bwebb7s@addthis.com','Male','207.235.203.203'),(332,'Ian','Cuvley','icuvley7t@a8.net','Male','130.168.230.195'),(333,'Ira','Cornau','icornau7u@nasa.gov','Male','215.208.252.123'),(334,'Lionel','Stanning','lstanning7v@adobe.com','Male','66.137.225.183'),(335,'Toinette','Donahue','tdonahue7w@ucoz.com','Female','31.1.160.137'),(336,'Fidela','Organer','forganer7x@e-recht24.de','Female','157.88.189.194'),(337,'Katy','Belshaw','kbelshaw7y@home.pl','Female','155.144.142.25'),(338,'Jacques','Prickett','jprickett7z@cisco.com','Male','189.246.97.45'),(339,'Danita','Emor','demor80@behance.net','Female','232.124.0.241'),(340,'Elisha','Poure','epoure81@surveymonkey.com','Female','241.235.42.9'),(341,'Fidelity','Withur','fwithur82@hubpages.com','Female','0.201.230.8'),(342,'Brewer','Crossthwaite','bcrossthwaite83@wikipedia.org','Male','196.46.227.190'),(343,'Tony','Bazire','tbazire84@discuz.net','Male','83.252.1.21'),(344,'Calhoun','Ogglebie','cogglebie85@jalbum.net','Male','160.209.198.39'),(345,'Dee','Klassman','dklassman86@cam.ac.uk','Female','195.189.253.186'),(346,'Reilly','Proctor','rproctor87@sina.com.cn','Male','194.92.78.85'),(347,'Augustus','Cargill','acargill88@etsy.com','Male','79.80.114.163'),(348,'Nesta','Middleditch','nmiddleditch89@reddit.com','Female','21.43.185.216'),(349,'Felice','Oldacres','foldacres8a@jimdo.com','Male','138.104.218.113'),(350,'Clarita','Raselles','craselles8b@pinterest.com','Female','19.178.8.138'),(351,'Jeremy','Mc Dermid','jmcdermid8c@chron.com','Male','131.149.125.66'),(352,'Thomasina','Strother','tstrother8d@macromedia.com','Female','59.59.153.109'),(353,'Dougie','Raddenbury','draddenbury8e@omniture.com','Male','159.162.207.83'),(354,'Reagen','Teaze','rteaze8f@google.co.uk','Male','244.199.207.185'),(355,'Wendel','Perritt','wperritt8g@gizmodo.com','Male','135.35.103.20'),(356,'Harmon','Bance','hbance8h@sciencedirect.com','Male','162.130.89.221'),(357,'Gavrielle','Campany','gcampany8i@histats.com','Female','158.247.222.8'),(358,'Curry','Midghall','cmidghall8j@tripadvisor.com','Male','132.72.124.235'),(359,'Gasparo','Ghidetti','gghidetti8k@scientificamerican.com','Male','220.174.177.39'),(360,'Carr','Smaile','csmaile8l@noaa.gov','Male','203.41.243.99'),(361,'Moshe','Gaddesby','mgaddesby8m@dyndns.org','Male','148.255.55.212'),(362,'Evanne','Lilford','elilford8n@xrea.com','Female','40.148.115.80'),(363,'Shanan','Kennler','skennler8o@nhs.uk','Male','86.104.158.181'),(364,'Kamillah','Vlasyuk','kvlasyuk8p@mapquest.com','Female','144.50.158.251'),(365,'Emera','Brodway','ebrodway8q@redcross.org','Female','52.24.148.11'),(366,'Sully','Tippett','stippett8r@umn.edu','Male','178.67.4.22'),(367,'Lorraine','Ambrosch','lambrosch8s@noaa.gov','Female','59.90.115.209'),(368,'Joleen','Quainton','jquainton8t@mashable.com','Female','7.41.188.93'),(369,'Franky','Scrooby','fscrooby8u@cbc.ca','Female','28.154.123.71'),(370,'Skipper','Kelledy','skelledy8v@about.me','Male','51.7.172.143'),(371,'Mack','Le Marquis','mlemarquis8w@wikispaces.com','Male','188.253.28.204'),(372,'Shanda','Edlyne','sedlyne8x@opensource.org','Female','54.224.30.250'),(373,'Thomasa','Miquelet','tmiquelet8y@ox.ac.uk','Female','202.237.169.214'),(374,'Bondie','Klulik','bklulik8z@intel.com','Male','207.74.108.112'),(375,'Piotr','Riall','priall90@ning.com','Male','244.233.139.22'),(376,'Bennie','Yong','byong91@who.int','Male','54.103.54.144'),(377,'Fawn','Kalaher','fkalaher92@dot.gov','Female','178.197.228.212'),(378,'Gustavo','Janauschek','gjanauschek93@discuz.net','Male','66.108.57.98'),(379,'Sayer','Kneller','skneller94@comcast.net','Male','20.47.81.149'),(380,'Lucien','Howsan','lhowsan95@icio.us','Male','17.77.220.219'),(381,'Cecil','Beardon','cbeardon96@harvard.edu','Female','47.189.35.197'),(382,'Cordy','Fansy','cfansy97@twitter.com','Male','16.84.72.94'),(383,'Andreana','Dundon','adundon98@bloglines.com','Female','228.4.33.133'),(384,'Millicent','Lillford','mlillford99@google.co.jp','Female','65.117.65.90'),(385,'Waylan','Peterkin','wpeterkin9a@msn.com','Male','38.82.174.221'),(386,'Rebekkah','Allchin','rallchin9b@google.com.hk','Female','205.113.6.157'),(387,'Vivyan','Barrie','vbarrie9c@vinaora.com','Female','37.15.190.194'),(388,'Teddie','Conan','tconan9d@adobe.com','Male','230.214.177.18'),(389,'Teresina','Fashion','tfashion9e@archive.org','Female','40.189.89.57'),(390,'Judd','Walwood','jwalwood9f@chron.com','Male','175.163.153.2'),(391,'L;urette','Dugood','ldugood9g@creativecommons.org','Female','125.185.79.44'),(392,'Inigo','Corbin','icorbin9h@pbs.org','Male','39.47.101.111'),(393,'Katharine','Leither','kleither9i@ucla.edu','Female','14.90.13.159'),(394,'Dewitt','Maplethorpe','dmaplethorpe9j@domainmarket.com','Male','171.146.103.176'),(395,'Steffi','Lait','slait9k@is.gd','Female','11.183.44.123'),(396,'Hershel','Mithun','hmithun9l@engadget.com','Male','158.69.192.64'),(397,'Kellsie','Iskow','kiskow9m@noaa.gov','Female','217.199.204.206'),(398,'Bail','Harrowell','bharrowell9n@last.fm','Male','161.108.101.248'),(399,'Price','Fulep','pfulep9o@globo.com','Male','240.99.145.100'),(400,'Jasper','Fishly','jfishly9p@uol.com.br','Male','111.186.227.210'),(401,'Ibbie','Glamart','iglamart9q@google.com.hk','Female','39.100.228.164'),(402,'Roman','Trippett','rtrippett9r@etsy.com','Male','25.38.168.163'),(403,'Chalmers','Mound','cmound9s@walmart.com','Male','133.167.249.74'),(404,'Wait','Elton','welton9t@behance.net','Male','50.180.187.154'),(405,'Shell','Preedy','spreedy9u@bbb.org','Female','236.14.174.217'),(406,'Corinne','Shellshear','cshellshear9v@booking.com','Female','103.3.173.181'),(407,'Alano','Stopper','astopper9w@liveinternet.ru','Male','13.87.91.35'),(408,'Terrie','Ninnis','tninnis9x@mediafire.com','Female','128.0.158.99'),(409,'Iggie','Heavy','iheavy9y@php.net','Male','37.216.160.223'),(410,'Nolana','Insole','ninsole9z@whitehouse.gov','Female','213.28.173.111'),(411,'Sophia','Habishaw','shabishawa0@theguardian.com','Female','58.231.118.109'),(412,'Manuel','Isaac','misaaca1@wikimedia.org','Male','213.3.252.211'),(413,'Heywood','Flanigan','hflanigana2@cnbc.com','Male','130.180.19.98'),(414,'Tades','Macauley','tmacauleya3@nsw.gov.au','Male','67.22.57.224'),(415,'Bessy','Filkin','bfilkina4@eepurl.com','Female','73.162.15.28'),(416,'Lonnie','Brooksby','lbrooksbya5@apple.com','Male','40.73.249.213'),(417,'Karine','Beal','kbeala6@moonfruit.com','Female','183.132.87.113'),(418,'Mufinella','Idill','midilla7@google.nl','Female','150.149.218.131'),(419,'Erna','Henfre','ehenfrea8@ow.ly','Female','77.157.216.130'),(420,'Lydon','Itscovitz','litscovitza9@cornell.edu','Male','210.33.171.121'),(421,'Der','Rizzini','drizziniaa@livejournal.com','Male','135.100.194.82'),(422,'Florie','Culham','fculhamab@abc.net.au','Female','237.186.102.158'),(423,'Kermit','Yurkevich','kyurkevichac@cargocollective.com','Male','66.103.43.102'),(424,'Latia','Lawdham','llawdhamad@simplemachines.org','Female','156.203.61.93'),(425,'Philbert','Buckell','pbuckellae@mail.ru','Male','134.157.172.229'),(426,'Renado','Windsor','rwindsoraf@nsw.gov.au','Male','143.82.7.30'),(427,'Jenifer','Bakster','jbaksterag@google.com','Female','37.225.90.42'),(428,'Dexter','O\' Connell','doconnellah@naver.com','Male','82.155.38.136'),(429,'Bealle','Kordovani','bkordovaniai@squarespace.com','Male','107.3.75.136'),(430,'Anthia','Horbart','ahorbartaj@hud.gov','Female','142.222.43.140'),(431,'Garald','Nanelli','gnanelliak@upenn.edu','Male','82.103.246.31'),(432,'Bernette','Arnolds','barnoldsal@goo.ne.jp','Female','187.76.140.161'),(433,'Maire','Judson','mjudsonam@bbb.org','Female','142.17.49.152'),(434,'Coleen','Giovannazzi','cgiovannazzian@reference.com','Female','223.223.5.173'),(435,'Archy','Neubigging','aneubiggingao@abc.net.au','Male','164.128.27.203'),(436,'Dorothea','Renny','drennyap@fema.gov','Female','113.126.202.138'),(437,'Roseline','Filov','rfilovaq@narod.ru','Female','208.55.17.205'),(438,'Kipp','Proom','kproomar@nytimes.com','Female','247.34.251.243'),(439,'Athena','Abramzon','aabramzonas@nih.gov','Female','130.82.245.130'),(440,'Moll','Celle','mcelleat@printfriendly.com','Female','35.66.232.82'),(441,'Hermina','La Wille','hlawilleau@businessinsider.com','Female','241.134.104.115'),(442,'Shir','Yurivtsev','syurivtsevav@nih.gov','Female','229.97.44.95'),(443,'Lanni','Drinkwater','ldrinkwateraw@squidoo.com','Female','249.30.171.88'),(444,'Matilda','Piniur','mpiniurax@comcast.net','Female','214.88.60.219'),(445,'David','Parradine','dparradineay@who.int','Male','186.27.183.72'),(446,'Michaelina','Simyson','msimysonaz@google.pl','Female','220.73.182.97'),(447,'Hodge','Earl','hearlb0@archive.org','Male','217.100.176.173'),(448,'Lauryn','Showers','lshowersb1@tinyurl.com','Female','230.237.202.117'),(449,'Lisha','Stoite','lstoiteb2@canalblog.com','Female','196.193.212.167'),(450,'Cathy','Dearell','cdearellb3@wikimedia.org','Female','204.127.72.75'),(451,'Hebert','McSkeagan','hmcskeaganb4@examiner.com','Male','3.115.6.201'),(452,'Carlynn','Guitt','cguittb5@businessweek.com','Female','73.200.43.182'),(453,'Curran','Gratrix','cgratrixb6@chronoengine.com','Male','182.61.83.33'),(454,'Lamond','Silverston','lsilverstonb7@acquirethisname.com','Male','12.135.103.233'),(455,'Mickie','Derell','mderellb8@posterous.com','Male','204.244.125.112'),(456,'Bellina','Laurie','blaurieb9@weibo.com','Female','66.185.201.16'),(457,'Frants','Toffanelli','ftoffanelliba@boston.com','Male','85.107.144.222'),(458,'Olvan','Choupin','ochoupinbb@angelfire.com','Male','59.61.81.62'),(459,'Gerri','Mc Giffin','gmcgiffinbc@adobe.com','Male','51.223.130.31'),(460,'Mose','Softley','msoftleybd@ftc.gov','Male','174.13.250.112'),(461,'Dorothea','Waything','dwaythingbe@cdbaby.com','Female','197.121.108.89'),(462,'Loni','Liger','lligerbf@tuttocitta.it','Female','223.149.224.140'),(463,'Ebenezer','Rawll','erawllbg@dot.gov','Male','34.217.53.30'),(464,'Uriah','Mc Gaughey','umcgaugheybh@vimeo.com','Male','204.194.219.71'),(465,'Zulema','Patching','zpatchingbi@tripadvisor.com','Female','234.84.165.204'),(466,'Michaella','Dyte','mdytebj@shinystat.com','Female','102.110.238.222'),(467,'Jena','Everleigh','jeverleighbk@topsy.com','Female','120.235.237.105'),(468,'Freeman','Yakunin','fyakuninbl@spiegel.de','Male','223.175.25.189'),(469,'Gavrielle','Caughey','gcaugheybm@umich.edu','Female','62.150.78.167'),(470,'Lyn','Seiter','lseiterbn@edublogs.org','Male','110.5.145.118'),(471,'Ody','Frarey','ofrareybo@theglobeandmail.com','Male','175.200.115.191'),(472,'Farand','Ghidini','fghidinibp@soup.io','Female','221.1.190.58'),(473,'Heriberto','Kilfedder','hkilfedderbq@google.it','Male','34.203.34.112'),(474,'Brent','Devons','bdevonsbr@yahoo.com','Male','238.186.64.181'),(475,'Dona','Cordrey','dcordreybs@vinaora.com','Female','65.80.20.145'),(476,'Bentley','Skittreal','bskittrealbt@vinaora.com','Male','102.48.27.199'),(477,'Marten','Sikorski','msikorskibu@squarespace.com','Male','224.76.44.59'),(478,'Averil','Sanderson','asandersonbv@unblog.fr','Male','189.194.183.111'),(479,'Michaela','Lambertazzi','mlambertazzibw@jalbum.net','Female','120.241.74.24'),(480,'Sanders','Colvie','scolviebx@tmall.com','Male','21.55.88.221'),(481,'Ardine','Ovise','aoviseby@jimdo.com','Female','87.151.37.197'),(482,'Flemming','Dimblebee','fdimblebeebz@wikimedia.org','Male','114.192.120.129'),(483,'Marian','Bantham','mbanthamc0@chronoengine.com','Female','153.185.151.64'),(484,'Virginie','Carrel','vcarrelc1@clickbank.net','Female','52.212.132.23'),(485,'Aksel','Tompion','atompionc2@cpanel.net','Male','4.142.31.228'),(486,'Janessa','Piechnik','jpiechnikc3@ca.gov','Female','181.142.9.159'),(487,'Randie','Hursthouse','rhursthousec4@netvibes.com','Female','180.75.194.176'),(488,'Leonardo','Joyson','ljoysonc5@omniture.com','Male','107.49.140.238'),(489,'Kelby','Eslie','kesliec6@google.co.uk','Male','205.64.174.215'),(490,'Franni','Cusworth','fcusworthc7@privacy.gov.au','Female','149.166.103.17'),(491,'Kariotta','Gulvin','kgulvinc8@cmu.edu','Female','163.202.145.82'),(492,'Merwyn','Rowly','mrowlyc9@google.it','Male','183.141.30.58'),(493,'Melba','Keeley','mkeeleyca@friendfeed.com','Female','41.149.196.227'),(494,'Danielle','Philipsohn','dphilipsohncb@reverbnation.com','Female','96.231.161.97'),(495,'Malva','Geraghty','mgeraghtycc@columbia.edu','Female','136.231.112.104'),(496,'Calida','Grinnov','cgrinnovcd@ucla.edu','Female','25.220.142.240'),(497,'Vinson','Piesold','vpiesoldce@wordpress.com','Male','20.178.139.184'),(498,'Alexina','Deighton','adeightoncf@godaddy.com','Female','213.48.1.118'),(499,'Alexandre','Wyeld','awyeldcg@theatlantic.com','Male','35.171.43.104'),(500,'Sadella','Hugh','shughch@un.org','Female','23.150.6.216'),(501,'Philippine','Jacobi','pjacobici@yahoo.com','Female','68.76.40.178'),(502,'Marquita','Robbert','mrobbertcj@gov.uk','Female','139.105.85.163'),(503,'Fenelia','McCaskill','fmccaskillck@issuu.com','Female','129.16.253.19'),(504,'Cchaddie','Spera','csperacl@cnet.com','Male','102.210.175.91'),(505,'Zulema','Sommerling','zsommerlingcm@apache.org','Female','91.109.7.6'),(506,'Padriac','Gyppes','pgyppescn@mapy.cz','Male','180.161.127.162'),(507,'Pammy','Hardacre','phardacreco@myspace.com','Female','119.206.210.164'),(508,'Tobie','Raithbie','traithbiecp@netscape.com','Male','172.11.184.206'),(509,'Jeralee','Croysdale','jcroysdalecq@booking.com','Female','249.145.213.48'),(510,'Willyt','Alison','walisoncr@histats.com','Female','75.164.191.229'),(511,'Vally','Labrone','vlabronecs@netscape.com','Female','253.63.69.166'),(512,'Kingsly','De Atta','kdeattact@usa.gov','Male','83.80.26.238'),(513,'Herold','Evens','hevenscu@tmall.com','Male','255.184.51.93'),(514,'Hadley','Daveridge','hdaveridgecv@sphinn.com','Male','66.182.232.21'),(515,'Celine','Mulcaster','cmulcastercw@skype.com','Female','173.59.50.209'),(516,'Rob','Candish','rcandishcx@bravesites.com','Male','11.5.123.71'),(517,'Allan','Clitherow','aclitherowcy@blog.com','Male','36.105.116.97'),(518,'Nikos','Verriour','nverriourcz@wufoo.com','Male','245.61.218.245'),(519,'Daryl','Gooddie','dgooddied0@paginegialle.it','Female','14.243.233.167'),(520,'Tibold','Yeskov','tyeskovd1@youtu.be','Male','59.174.38.218'),(521,'Kahaleel','Lebbern','klebbernd2@mac.com','Male','40.194.191.108'),(522,'Doloritas','Pembry','dpembryd3@dmoz.org','Female','205.150.118.68'),(523,'Jennee','Crennan','jcrennand4@arstechnica.com','Female','145.57.224.146'),(524,'Richart','Cana','rcanad5@rambler.ru','Male','239.53.100.53'),(525,'Baillie','Vile','bviled6@hibu.com','Male','171.142.149.110'),(526,'Trula','Giorgioni','tgiorgionid7@miibeian.gov.cn','Female','34.24.181.125'),(527,'Rouvin','Bamb','rbambd8@cdc.gov','Male','227.96.182.166'),(528,'Lavena','Chuter','lchuterd9@cocolog-nifty.com','Female','216.140.236.197'),(529,'Maxy','Dederick','mdederickda@zimbio.com','Female','223.68.199.5'),(530,'Adrien','Ramsell','aramselldb@geocities.com','Male','29.57.171.77'),(531,'Clio','Athy','cathydc@tinypic.com','Female','184.195.185.89'),(532,'Colas','Dalgarno','cdalgarnodd@bandcamp.com','Male','93.113.193.81'),(533,'Hulda','Rubra','hrubrade@home.pl','Female','182.67.191.205'),(534,'Fidela','Jaze','fjazedf@weibo.com','Female','216.188.85.245'),(535,'Etti','Yurchenko','eyurchenkodg@qq.com','Female','233.65.5.159'),(536,'Jordanna','Troke','jtrokedh@people.com.cn','Female','118.15.7.141'),(537,'Joel','Morant','jmorantdi@wiley.com','Male','197.11.26.110'),(538,'Federica','Avey','faveydj@lulu.com','Female','183.59.190.196'),(539,'Agnella','Kenefick','akenefickdk@homestead.com','Female','202.1.26.123'),(540,'Fay','Baruch','fbaruchdl@smugmug.com','Female','90.215.201.169'),(541,'Elysia','Woolger','ewoolgerdm@europa.eu','Female','139.225.0.128'),(542,'Micheal','Coard','mcoarddn@wikispaces.com','Male','118.182.119.133'),(543,'Fawnia','Brown','fbrowndo@rediff.com','Female','25.228.227.94'),(544,'Randolph','Donoghue','rdonoghuedp@linkedin.com','Male','64.47.233.107'),(545,'Johan','Soanes','jsoanesdq@cbc.ca','Male','82.197.194.75'),(546,'Padgett','Iacovelli','piacovellidr@wired.com','Male','89.110.175.154'),(547,'Jarrad','Duffyn','jduffynds@jimdo.com','Male','104.190.108.111'),(548,'Berton','Varley','bvarleydt@booking.com','Male','248.158.253.120'),(549,'Brion','Otterwell','botterwelldu@va.gov','Male','194.246.243.154'),(550,'Datha','Fullegar','dfullegardv@php.net','Female','91.46.117.183'),(551,'Nancy','Foulkes','nfoulkesdw@storify.com','Female','247.132.186.98'),(552,'Lindie','McCawley','lmccawleydx@desdev.cn','Female','175.132.172.22'),(553,'Nanci','Hammond','nhammonddy@amazon.com','Female','70.236.136.188'),(554,'Doris','Janse','djansedz@wp.com','Female','45.219.187.167'),(555,'Erinna','Yaknov','eyaknove0@nationalgeographic.com','Female','132.183.135.252'),(556,'Eberhard','Arnely','earnelye1@free.fr','Male','12.199.61.237'),(557,'Kaylil','Dobeson','kdobesone2@sciencedaily.com','Female','70.19.115.35'),(558,'Jacques','Mosconi','jmosconie3@myspace.com','Male','62.15.35.107'),(559,'Koenraad','Batchelour','kbatcheloure4@house.gov','Male','224.242.221.181'),(560,'Aldous','Putton','aputtone5@mozilla.com','Male','193.83.126.39'),(561,'Armstrong','Blaxlande','ablaxlandee6@java.com','Male','166.65.128.29'),(562,'Daffi','Debow','ddebowe7@ow.ly','Female','30.111.77.102'),(563,'Ana','Siemianowicz','asiemianowicze8@aboutads.info','Female','13.214.181.252'),(564,'Irwin','Cejka','icejkae9@europa.eu','Male','163.170.57.76'),(565,'Herve','McClifferty','hmccliffertyea@deliciousdays.com','Male','135.88.43.162'),(566,'Ginny','Shaw','gshaweb@a8.net','Female','199.194.16.27'),(567,'Billy','Issit','bissitec@cbsnews.com','Female','15.236.48.167'),(568,'Tiffie','Cadamy','tcadamyed@virginia.edu','Female','18.129.230.161'),(569,'Michale','Pirazzi','mpirazziee@umich.edu','Male','91.88.172.133'),(570,'Moshe','Van Hove','mvanhoveef@qq.com','Male','31.9.49.129'),(571,'Theodore','Cardello','tcardelloeg@arizona.edu','Male','182.42.33.94'),(572,'Carney','Climar','cclimareh@hostgator.com','Male','50.72.14.164'),(573,'Merrily','Mullally','mmullallyei@youku.com','Female','14.81.24.96'),(574,'Eartha','Kochl','ekochlej@last.fm','Female','217.124.125.208'),(575,'Koenraad','Duckering','kduckeringek@booking.com','Male','139.52.179.14'),(576,'Darell','Papa','dpapael@princeton.edu','Female','170.120.132.143'),(577,'Hilarius','Walley','hwalleyem@vimeo.com','Male','117.213.201.14'),(578,'Jeanelle','O\'Flannery','joflanneryen@wordpress.com','Female','208.229.129.5'),(579,'Layney','Ankrett','lankretteo@seesaa.net','Female','155.190.80.168'),(580,'Mellisa','Lorincz','mlorinczep@skyrock.com','Female','171.248.213.239'),(581,'Cassy','Hemshall','chemshalleq@ameblo.jp','Female','93.60.238.158'),(582,'Marta','Gollop','mgolloper@dyndns.org','Female','15.136.61.55'),(583,'Cecilla','Postlethwaite','cpostlethwaitees@scribd.com','Female','76.35.108.228'),(584,'Margaretha','Matonin','mmatoninet@dion.ne.jp','Female','95.202.86.64'),(585,'Kaspar','Gooderridge','kgooderridgeeu@icq.com','Male','17.103.153.231'),(586,'Yehudit','Mongan','ymonganev@nsw.gov.au','Male','117.236.199.145'),(587,'Abramo','de Castelain','adecastelainew@spotify.com','Male','9.150.83.56'),(588,'Jessy','M\'Chirrie','jmchirrieex@plala.or.jp','Female','100.61.17.2'),(589,'Floria','Girardez','fgirardezey@weibo.com','Female','222.90.187.227'),(590,'Shir','Laddle','sladdleez@4shared.com','Female','139.69.0.141'),(591,'Dahlia','Moorman','dmoormanf0@soup.io','Female','83.102.172.135'),(592,'Archibald','Hopfner','ahopfnerf1@blogger.com','Male','153.97.91.152'),(593,'Xavier','Jeenes','xjeenesf2@umn.edu','Male','25.24.46.56'),(594,'Ofelia','Rafter','orafterf3@google.com.au','Female','26.121.234.106'),(595,'Rozella','Hotton','rhottonf4@ebay.co.uk','Female','208.18.218.224'),(596,'Dinny','Spraberry','dspraberryf5@cisco.com','Female','157.61.148.222'),(597,'Cly','MacTimpany','cmactimpanyf6@163.com','Male','117.131.145.85'),(598,'Flor','Spottiswoode','fspottiswoodef7@reddit.com','Female','51.56.113.126'),(599,'Lek','Hector','lhectorf8@deliciousdays.com','Male','211.243.94.206'),(600,'Erwin','Varey','evareyf9@unblog.fr','Male','117.159.227.42'),(601,'Waylen','Pickover','wpickoverfa@paginegialle.it','Male','90.214.182.215'),(602,'Davida','Hanne','dhannefb@vk.com','Female','81.133.177.42'),(603,'Andie','Farrall','afarrallfc@oaic.gov.au','Female','65.3.113.44'),(604,'Ula','Suthren','usuthrenfd@exblog.jp','Female','101.2.74.22'),(605,'Haskel','Pell','hpellfe@wsj.com','Male','1.87.101.150'),(606,'Halley','Kernes','hkernesff@imgur.com','Female','113.245.187.121'),(607,'Cecil','Fairlem','cfairlemfg@ucla.edu','Female','126.171.143.67'),(608,'Sergent','Wooler','swoolerfh@marketwatch.com','Male','244.187.245.130'),(609,'Corey','Upcott','cupcottfi@weather.com','Male','205.106.116.155'),(610,'Boony','Menis','bmenisfj@reuters.com','Male','108.13.171.79'),(611,'Jim','Northfield','jnorthfieldfk@pen.io','Male','67.129.13.179'),(612,'Ambrose','De Benedetti','adebenedettifl@163.com','Male','183.39.31.185'),(613,'Norton','Mackneis','nmackneisfm@ustream.tv','Male','76.5.69.225'),(614,'Duke','Clack','dclackfn@huffingtonpost.com','Male','184.206.210.134'),(615,'Marlie','Cocher','mcocherfo@webs.com','Female','186.37.186.47'),(616,'Job','Younie','jyouniefp@europa.eu','Male','168.230.221.105'),(617,'Selia','Hayzer','shayzerfq@apple.com','Female','154.20.182.29'),(618,'Willis','Spleving','wsplevingfr@apache.org','Male','123.131.165.225'),(619,'Sigismond','Ciccarelli','sciccarellifs@vimeo.com','Male','128.55.103.213'),(620,'Ginelle','Merton','gmertonft@multiply.com','Female','152.33.0.124'),(621,'Pinchas','Caughte','pcaughtefu@google.ca','Male','209.137.60.172'),(622,'Klaus','Smith','ksmithfv@imageshack.us','Male','17.94.190.33'),(623,'Frasquito','Shallcroff','fshallcrofffw@sbwire.com','Male','74.90.88.218'),(624,'Brucie','Phlippsen','bphlippsenfx@mediafire.com','Male','211.162.170.159'),(625,'Laney','Ceccoli','lceccolify@addtoany.com','Male','155.17.21.190'),(626,'Bev','Doge','bdogefz@hostgator.com','Male','218.175.139.28'),(627,'Tania','Jardine','tjardineg0@google.com','Female','121.230.39.136'),(628,'Domeniga','Corhard','dcorhardg1@mit.edu','Female','75.37.144.222'),(629,'Lilas','Felipe','lfelipeg2@yellowbook.com','Female','164.191.10.39'),(630,'Ryan','Belsher','rbelsherg3@redcross.org','Male','143.80.17.178'),(631,'Northrup','Doddemeede','ndoddemeedeg4@creativecommons.org','Male','121.168.17.223'),(632,'Meyer','Keerl','mkeerlg5@usnews.com','Male','37.103.78.24'),(633,'Haskell','Aylmer','haylmerg6@ft.com','Male','197.228.109.41'),(634,'Ches','Huniwall','chuniwallg7@weibo.com','Male','137.105.66.166'),(635,'Lauri','Tinniswood','ltinniswoodg8@intel.com','Female','102.197.179.147'),(636,'Stuart','Saltrese','ssaltreseg9@zdnet.com','Male','225.225.171.229'),(637,'Lynnea','Hanrahan','lhanrahanga@tuttocitta.it','Female','163.28.243.188'),(638,'Baudoin','Diess','bdiessgb@1und1.de','Male','175.113.111.184'),(639,'Josiah','Rushmer','jrushmergc@archive.org','Male','20.78.72.170'),(640,'Rosalyn','MacCallam','rmaccallamgd@cafepress.com','Female','205.126.25.165'),(641,'Gare','Bugbird','gbugbirdge@baidu.com','Male','221.27.154.9'),(642,'Godwin','Aurelius','gaureliusgf@liveinternet.ru','Male','234.205.241.193'),(643,'Harrie','Symonds','hsymondsgg@theglobeandmail.com','Female','172.156.17.223'),(644,'Ramsey','Lightfoot','rlightfootgh@booking.com','Male','216.61.185.147'),(645,'Sophronia','Funnell','sfunnellgi@chicagotribune.com','Female','158.215.202.252'),(646,'Leighton','Curedale','lcuredalegj@youtube.com','Male','152.112.151.104'),(647,'Natalee','Ewbach','newbachgk@microsoft.com','Female','39.16.79.51'),(648,'Dirk','Messer','dmessergl@smugmug.com','Male','189.69.235.33'),(649,'Courtnay','Warren','cwarrengm@google.ru','Female','221.112.223.142'),(650,'Sianna','Tendahl','stendahlgn@census.gov','Female','252.89.7.202'),(651,'Dyana','De Vere','ddeverego@php.net','Female','141.182.179.99'),(652,'Morrie','Lober','mlobergp@engadget.com','Male','126.76.67.43'),(653,'Davey','Camilletti','dcamillettigq@oracle.com','Male','10.113.34.74'),(654,'Lindsay','Lindblom','llindblomgr@feedburner.com','Female','102.87.227.187'),(655,'Austin','Carpenter','acarpentergs@sbwire.com','Male','15.164.161.143'),(656,'Sayer','Itschakov','sitschakovgt@bing.com','Male','141.28.73.55'),(657,'Rozanna','Gokes','rgokesgu@nyu.edu','Female','238.26.229.233'),(658,'Celestia','Pilbeam','cpilbeamgv@ebay.com','Female','167.214.248.231'),(659,'Cindi','Toulmin','ctoulmingw@github.io','Female','177.55.35.240'),(660,'Robinet','Crellim','rcrellimgx@thetimes.co.uk','Female','63.201.191.211'),(661,'Bear','Della Scala','bdellascalagy@cargocollective.com','Male','155.156.231.242'),(662,'Kesley','Turle','kturlegz@usatoday.com','Female','109.215.183.49'),(663,'Opaline','Atton','oattonh0@newsvine.com','Female','136.220.161.144'),(664,'Saree','Reynard','sreynardh1@usgs.gov','Female','146.122.72.164'),(665,'Katharina','Hovington','khovingtonh2@webmd.com','Female','82.242.173.141'),(666,'Shana','Cogan','scoganh3@cocolog-nifty.com','Female','198.30.70.43'),(667,'Gates','Whyborne','gwhyborneh4@gizmodo.com','Female','31.59.31.231'),(668,'Norman','Fritschel','nfritschelh5@yahoo.co.jp','Male','232.85.58.140'),(669,'Dulcinea','Candish','dcandishh6@pen.io','Female','89.30.150.5'),(670,'Violet','McDell','vmcdellh7@imageshack.us','Female','60.123.241.177'),(671,'Willdon','Syrie','wsyrieh8@nps.gov','Male','5.225.24.52'),(672,'Heath','Rapinett','hrapinetth9@shinystat.com','Female','211.64.232.230'),(673,'Morly','Gullan','mgullanha@rambler.ru','Male','191.237.77.209'),(674,'Derward','Huebner','dhuebnerhb@soundcloud.com','Male','185.86.207.192'),(675,'Catlin','Phonix','cphonixhc@smugmug.com','Female','243.162.125.173'),(676,'Ulrich','Bursell','ubursellhd@exblog.jp','Male','59.108.76.144'),(677,'Ariel','Bruinsma','abruinsmahe@reddit.com','Male','39.21.80.207'),(678,'Rowan','Rens','rrenshf@netlog.com','Male','171.60.210.11'),(679,'Steffi','Judd','sjuddhg@guardian.co.uk','Female','222.41.143.46'),(680,'Ginelle','Lawton','glawtonhh@buzzfeed.com','Female','165.173.135.80'),(681,'Jedd','Hymans','jhymanshi@nih.gov','Male','25.133.46.7'),(682,'Bendite','Colley','bcolleyhj@feedburner.com','Female','102.117.198.5'),(683,'Hillyer','Blazeby','hblazebyhk@amazon.co.uk','Male','153.99.139.154'),(684,'Tammi','Pallant','tpallanthl@com.com','Female','32.79.83.7'),(685,'Keelby','McGinn','kmcginnhm@microsoft.com','Male','24.63.138.121'),(686,'Ettore','Benneyworth','ebenneyworthhn@gnu.org','Male','152.95.25.43'),(687,'Hilliary','Arnot','harnotho@dagondesign.com','Female','78.5.110.162'),(688,'Gilbertine','Harbertson','gharbertsonhp@independent.co.uk','Female','147.206.26.153'),(689,'Jenica','Lesurf','jlesurfhq@scientificamerican.com','Female','186.232.190.229'),(690,'Thekla','Godman','tgodmanhr@quantcast.com','Female','74.249.129.81'),(691,'Elvera','Cresar','ecresarhs@pagesperso-orange.fr','Female','41.193.227.86'),(692,'Preston','Semmence','psemmenceht@myspace.com','Male','195.231.45.190'),(693,'Ginnie','Rosenboim','grosenboimhu@drupal.org','Female','33.18.167.231'),(694,'Tedda','Authers','tauthershv@scribd.com','Female','113.179.127.195'),(695,'Annamarie','Millberg','amillberghw@apple.com','Female','209.249.142.255'),(696,'Adoree','Rush','arushhx@amazon.co.uk','Female','105.174.178.138'),(697,'Seline','Montier','smontierhy@mashable.com','Female','204.158.57.30'),(698,'Cordy','Richin','crichinhz@elegantthemes.com','Female','147.10.164.86'),(699,'Britney','Abramov','babramovi0@goodreads.com','Female','250.250.107.77'),(700,'Aldrich','Hiddsley','ahiddsleyi1@skyrock.com','Male','41.39.141.175'),(701,'Goddart','Ruddom','gruddomi2@seesaa.net','Male','0.87.181.205'),(702,'Christoper','Avramovic','cavramovici3@comcast.net','Male','11.58.59.53'),(703,'Karolina','Creigan','kcreigani4@usda.gov','Female','165.105.178.108'),(704,'Renelle','Trevear','rtreveari5@boston.com','Female','88.209.73.173'),(705,'Sarine','Dixey','sdixeyi6@addthis.com','Female','25.138.156.156'),(706,'Garey','Giacopazzi','ggiacopazzii7@comcast.net','Male','180.21.223.11'),(707,'Al','Macbeth','amacbethi8@chronoengine.com','Male','210.42.239.219'),(708,'Sandro','Willford','swillfordi9@irs.gov','Male','155.177.61.113'),(709,'Demetris','Brotherwood','dbrotherwoodia@nymag.com','Male','83.154.244.16'),(710,'Bastien','Gatehouse','bgatehouseib@narod.ru','Male','204.244.124.76'),(711,'Doe','Cappleman','dcapplemanic@histats.com','Female','170.78.255.167'),(712,'Tammie','Artin','tartinid@slideshare.net','Female','173.80.72.57'),(713,'Stefan','Eacle','seacleie@cdc.gov','Male','228.223.44.110'),(714,'Lesya','Goldine','lgoldineif@desdev.cn','Female','154.153.7.243'),(715,'Carol-jean','Slainey','cslaineyig@slate.com','Female','170.7.237.150'),(716,'Nicolai','Phillipps','nphillippsih@ovh.net','Male','104.206.147.196'),(717,'Dietrich','Simmons','dsimmonsii@technorati.com','Male','200.85.201.120'),(718,'Stewart','Snoding','ssnodingij@yahoo.com','Male','168.199.127.229'),(719,'Vannie','Baunton','vbauntonik@cmu.edu','Female','97.194.189.161'),(720,'Wat','Wilcott','wwilcottil@free.fr','Male','253.162.81.238'),(721,'Alison','Faragher','afaragherim@mapquest.com','Female','99.242.240.58'),(722,'Charo','Goggey','cgoggeyin@globo.com','Female','180.134.149.58'),(723,'Beatriz','Pomphrey','bpomphreyio@nasa.gov','Female','29.212.253.81'),(724,'Vin','Le Merchant','vlemerchantip@guardian.co.uk','Male','210.73.177.148'),(725,'Morganica','Rizzini','mrizziniiq@yellowbook.com','Female','59.115.245.215'),(726,'Deloris','Randales','drandalesir@sitemeter.com','Female','186.111.4.109'),(727,'Aubert','Nicol','anicolis@webnode.com','Male','194.169.248.245'),(728,'Carmina','Slessar','cslessarit@jiathis.com','Female','123.85.196.181'),(729,'Clayton','Soeiro','csoeiroiu@seesaa.net','Male','52.1.117.103'),(730,'Ed','Attock','eattockiv@tmall.com','Male','221.4.138.67'),(731,'Forester','Halhead','fhalheadiw@ebay.co.uk','Male','75.91.193.225'),(732,'Gifford','Bazire','gbazireix@vkontakte.ru','Male','78.15.101.168'),(733,'Hedvige','Trendle','htrendleiy@latimes.com','Female','177.240.163.80'),(734,'Norton','Larrett','nlarrettiz@sohu.com','Male','188.188.97.44'),(735,'Lethia','Gritland','lgritlandj0@meetup.com','Female','200.104.241.84'),(736,'Adora','Beathem','abeathemj1@whitehouse.gov','Female','83.99.230.98'),(737,'Katie','Whieldon','kwhieldonj2@reverbnation.com','Female','175.19.129.154'),(738,'Dani','Denisot','ddenisotj3@nih.gov','Male','193.74.248.254'),(739,'Abbe','Seson','asesonj4@people.com.cn','Male','233.227.223.60'),(740,'Rudolf','Bosward','rboswardj5@ezinearticles.com','Male','81.18.223.121'),(741,'Melisse','Christon','mchristonj6@ed.gov','Female','129.92.32.245'),(742,'Cristen','Thain','cthainj7@soup.io','Female','144.185.230.88'),(743,'Lian','Ord','lordj8@ed.gov','Female','42.83.53.35'),(744,'Paige','Shrimpling','pshrimplingj9@alibaba.com','Male','59.188.101.64'),(745,'Christy','Yaakov','cyaakovja@addtoany.com','Male','201.193.189.243'),(746,'Kitti','Crossby','kcrossbyjb@time.com','Female','17.73.104.95'),(747,'Micky','Hurn','mhurnjc@reuters.com','Male','67.241.244.28'),(748,'Clayson','Hamlett','chamlettjd@yahoo.co.jp','Male','101.240.169.212'),(749,'Thaddus','Latty','tlattyje@rakuten.co.jp','Male','49.212.215.171'),(750,'Horten','McCaffery','hmccafferyjf@go.com','Male','69.59.95.47'),(751,'Woody','Pallasch','wpallaschjg@answers.com','Male','186.217.134.158'),(752,'Arda','Marvel','amarveljh@intel.com','Female','201.4.75.44'),(753,'Melisenda','Ravens','mravensji@csmonitor.com','Female','243.184.46.221'),(754,'Cleveland','Fardoe','cfardoejj@smugmug.com','Male','156.247.157.45'),(755,'Ursuline','Hallitt','uhallittjk@mit.edu','Female','171.88.76.100'),(756,'Kim','Tame','ktamejl@npr.org','Male','83.188.9.202'),(757,'Anastassia','Pybus','apybusjm@state.gov','Female','103.58.222.66'),(758,'Nonie','Ffrench','nffrenchjn@diigo.com','Female','146.88.221.30'),(759,'Karel','Langforth','klangforthjo@nasa.gov','Female','225.232.17.38'),(760,'Ferrel','Grigg','fgriggjp@godaddy.com','Male','249.152.25.103'),(761,'Sarine','Raunds','sraundsjq@blogtalkradio.com','Female','235.113.248.25'),(762,'Gram','McNeice','gmcneicejr@discuz.net','Male','118.173.252.158'),(763,'Ricky','Roblin','rroblinjs@qq.com','Male','204.121.125.175'),(764,'Graig','Hartman','ghartmanjt@indiatimes.com','Male','201.66.213.138'),(765,'Gene','Forbear','gforbearju@nymag.com','Female','149.116.34.39'),(766,'Heinrik','Rushbrook','hrushbrookjv@sfgate.com','Male','82.40.227.34'),(767,'Camey','Pendrick','cpendrickjw@nifty.com','Male','94.43.33.199'),(768,'Kele','McColgan','kmccolganjx@pinterest.com','Male','192.72.160.10'),(769,'Allx','Gaylard','agaylardjy@zdnet.com','Female','165.19.224.4'),(770,'Abe','Fedoronko','afedoronkojz@opensource.org','Male','217.200.155.30'),(771,'Jayson','Aylett','jaylettk0@telegraph.co.uk','Male','164.142.240.25'),(772,'Tori','Poulglais','tpoulglaisk1@scribd.com','Female','75.208.119.177'),(773,'Gusta','Raddan','graddank2@chronoengine.com','Female','255.227.171.4'),(774,'Sharron','Hoppner','shoppnerk3@about.me','Female','157.20.165.171'),(775,'Alric','Oleszkiewicz','aoleszkiewiczk4@ebay.co.uk','Male','145.44.247.104'),(776,'Cathee','Gowthrop','cgowthropk5@nifty.com','Female','127.42.171.106'),(777,'Alair','McGuckin','amcguckink6@nature.com','Male','119.85.52.138'),(778,'Gena','Mathie','gmathiek7@princeton.edu','Female','165.93.208.133'),(779,'Angie','Duddell','aduddellk8@google.com.br','Male','196.40.70.37'),(780,'Roley','Skeath','rskeathk9@umich.edu','Male','129.220.77.180'),(781,'Darda','Franke','dfrankeka@ezinearticles.com','Female','80.43.133.119'),(782,'Jean','Ledekker','jledekkerkb@sakura.ne.jp','Female','61.231.18.1'),(783,'Gordon','Hambidge','ghambidgekc@mysql.com','Male','207.109.142.88'),(784,'Kiley','Bebbell','kbebbellkd@zdnet.com','Male','118.235.206.51'),(785,'Garnette','McNeice','gmcneiceke@ca.gov','Female','195.100.177.89'),(786,'Waldemar','Colyer','wcolyerkf@nifty.com','Male','92.76.166.228'),(787,'Corina','Lieb','cliebkg@imageshack.us','Female','146.215.19.38'),(788,'Evan','Colaco','ecolacokh@hugedomains.com','Male','193.85.78.176'),(789,'Herbert','Brownbridge','hbrownbridgeki@state.tx.us','Male','13.48.5.27'),(790,'Pippo','Casbolt','pcasboltkj@ow.ly','Male','191.208.186.114'),(791,'Claudette','Kunc','ckunckk@patch.com','Female','86.77.136.73'),(792,'Milissent','Dibb','mdibbkl@zimbio.com','Female','161.195.85.132'),(793,'Egan','Dearman','edearmankm@blinklist.com','Male','99.217.88.123'),(794,'Kristien','Dohms','kdohmskn@simplemachines.org','Female','132.222.55.91'),(795,'Leonhard','Jeannard','ljeannardko@irs.gov','Male','147.63.76.143'),(796,'Brianna','Lanceter','blanceterkp@paginegialle.it','Female','131.11.83.199'),(797,'Joby','Helversen','jhelversenkq@yale.edu','Female','173.166.10.164'),(798,'Parry','Banner','pbannerkr@omniture.com','Male','228.157.49.148'),(799,'Sol','Edie','sedieks@google.cn','Male','200.138.216.233'),(800,'Noelyn','Aspinwall','naspinwallkt@foxnews.com','Female','209.191.171.4'),(801,'Aubrie','Killelea','akilleleaku@theguardian.com','Female','90.183.69.23'),(802,'Paddie','Sandys','psandyskv@wikia.com','Male','217.239.218.189'),(803,'Thurstan','Sissland','tsisslandkw@wikia.com','Male','12.217.102.77'),(804,'Aeriela','Baltrushaitis','abaltrushaitiskx@ifeng.com','Female','156.65.118.210'),(805,'Elton','Stagge','estaggeky@over-blog.com','Male','217.56.143.251'),(806,'Randi','McCudden','rmccuddenkz@scientificamerican.com','Female','219.216.235.186'),(807,'Katya','Brandsen','kbrandsenl0@mayoclinic.com','Female','114.243.15.177'),(808,'Gardy','Hebbes','ghebbesl1@yellowbook.com','Male','165.114.237.52'),(809,'Lidia','Rossbrook','lrossbrookl2@deliciousdays.com','Female','36.72.19.6'),(810,'Lucine','Althorpe','lalthorpel3@yelp.com','Female','139.30.183.97'),(811,'Glenine','Goldthorp','ggoldthorpl4@howstuffworks.com','Female','138.240.21.202'),(812,'Xylia','Robet','xrobetl5@earthlink.net','Female','6.7.239.181'),(813,'Margery','Crust','mcrustl6@nationalgeographic.com','Female','65.234.164.174'),(814,'Flemming','Szanto','fszantol7@php.net','Male','96.204.212.241'),(815,'Craig','Quarrie','cquarriel8@sina.com.cn','Male','140.18.234.96'),(816,'Balduin','Barrow','bbarrowl9@google.ca','Male','182.111.37.116'),(817,'Ruthe','Slade','rsladela@bloomberg.com','Female','164.62.176.246'),(818,'Cher','Armstead','carmsteadlb@wunderground.com','Female','61.38.88.27'),(819,'Milty','Aimeric','maimericlc@webs.com','Male','47.239.179.154'),(820,'Buiron','Halms','bhalmsld@cdc.gov','Male','160.175.141.178'),(821,'Penny','Clyde','pclydele@icq.com','Male','111.42.189.198'),(822,'Rebekkah','Freshwater','rfreshwaterlf@mapy.cz','Female','200.166.3.65'),(823,'Shepperd','Carwithim','scarwithimlg@facebook.com','Male','50.103.218.78'),(824,'Michale','Roote','mrootelh@purevolume.com','Male','50.114.191.49'),(825,'Ruthe','Hearle','rhearleli@omniture.com','Female','237.228.100.154'),(826,'Ancell','Whiteoak','awhiteoaklj@state.gov','Male','159.254.56.194'),(827,'Dolley','Adcocks','dadcockslk@aol.com','Female','224.136.7.33'),(828,'Batholomew','Laverack','blaverackll@arizona.edu','Male','2.94.34.1'),(829,'Herman','Carthy','hcarthylm@barnesandnoble.com','Male','110.32.111.205'),(830,'Allister','Davet','adavetln@google.cn','Male','213.133.249.55'),(831,'Price','Chartre','pchartrelo@parallels.com','Male','154.122.12.56'),(832,'Janella','Garrique','jgarriquelp@4shared.com','Female','252.110.147.30'),(833,'Brynne','Caukill','bcaukilllq@si.edu','Female','104.1.157.133'),(834,'Minetta','McMechan','mmcmechanlr@cisco.com','Female','160.6.160.115'),(835,'Annis','Cozzi','acozzils@census.gov','Female','35.142.155.147'),(836,'Giorgi','MacIntosh','gmacintoshlt@ow.ly','Male','160.201.246.87'),(837,'Beitris','Allain','ballainlu@theguardian.com','Female','41.48.46.192'),(838,'Angeline','Nassey','anasseylv@engadget.com','Female','230.170.96.34'),(839,'Modestine','Machel','mmachellw@go.com','Female','183.91.206.201'),(840,'Ann','McWhin','amcwhinlx@godaddy.com','Female','34.61.109.127'),(841,'Victoria','McIlvoray','vmcilvorayly@cafepress.com','Female','44.18.203.173'),(842,'Veronika','Cohr','vcohrlz@rediff.com','Female','128.48.24.157'),(843,'Lorna','Hethron','lhethronm0@alibaba.com','Female','170.130.230.238'),(844,'Redd','Willingale','rwillingalem1@feedburner.com','Male','75.94.168.168'),(845,'Gwyneth','Francesch','gfranceschm2@bigcartel.com','Female','235.15.132.151'),(846,'Nady','Fihelly','nfihellym3@youtube.com','Female','238.29.15.153'),(847,'Olive','Nayshe','onayshem4@nasa.gov','Female','190.99.23.38'),(848,'Tedda','Wyldish','twyldishm5@vk.com','Female','172.215.18.36'),(849,'Greggory','Shaddick','gshaddickm6@loc.gov','Male','117.185.86.36'),(850,'Anitra','Cotman','acotmanm7@imageshack.us','Female','135.32.240.162'),(851,'Viv','Tassaker','vtassakerm8@cafepress.com','Female','188.140.94.41'),(852,'Isahella','Swansbury','iswansburym9@icq.com','Female','62.4.127.239'),(853,'Anna-diana','Bindon','abindonma@usatoday.com','Female','211.177.250.165'),(854,'Alon','Philpotts','aphilpottsmb@scribd.com','Male','11.19.53.31'),(855,'Valida','Carpmile','vcarpmilemc@dmoz.org','Female','62.4.9.171'),(856,'Clint','Detoile','cdetoilemd@miitbeian.gov.cn','Male','102.20.131.241'),(857,'Jocelin','Brechin','jbrechinme@ucsd.edu','Female','20.248.34.47'),(858,'Ginnifer','MacRirie','gmacririemf@blogspot.com','Female','109.98.44.136'),(859,'Padget','Shew','pshewmg@facebook.com','Male','103.154.195.25'),(860,'Rosalind','McFarlan','rmcfarlanmh@dot.gov','Female','61.124.191.218'),(861,'Law','Durban','ldurbanmi@theguardian.com','Male','223.113.132.124'),(862,'Hayden','Retallack','hretallackmj@ebay.com','Male','202.70.188.243'),(863,'Haroun','Lunny','hlunnymk@topsy.com','Male','48.66.25.51'),(864,'Erny','Gilbert','egilbertml@geocities.com','Male','6.81.175.29'),(865,'Alverta','Lebond','alebondmm@qq.com','Female','151.168.2.38'),(866,'Farr','Meegin','fmeeginmn@wisc.edu','Male','117.188.232.212'),(867,'Josi','Carlill','jcarlillmo@oakley.com','Female','215.235.46.16'),(868,'Marje','Kesey','mkeseymp@cloudflare.com','Female','86.153.207.224'),(869,'Salli','Heaviside','sheavisidemq@army.mil','Female','119.60.219.150'),(870,'Simon','Guppey','sguppeymr@biblegateway.com','Male','41.218.94.54'),(871,'Emmey','Gellately','egellatelyms@psu.edu','Female','161.55.235.101'),(872,'Korney','Burbury','kburburymt@dyndns.org','Female','251.163.203.188'),(873,'Mac','Northam','mnorthammu@xinhuanet.com','Male','71.51.147.75'),(874,'Granger','Ramsell','gramsellmv@nytimes.com','Male','69.115.30.96'),(875,'Abigale','Alderson','aaldersonmw@noaa.gov','Female','247.138.25.149'),(876,'Jenine','Bernardini','jbernardinimx@unicef.org','Female','75.123.250.22'),(877,'Alfie','McCrohon','amccrohonmy@home.pl','Female','49.157.8.209'),(878,'Bellanca','McPhillimey','bmcphillimeymz@vinaora.com','Female','245.222.37.253'),(879,'Adelbert','Evins','aevinsn0@twitter.com','Male','159.217.144.90'),(880,'Hortense','Spittal','hspittaln1@nyu.edu','Female','88.43.69.52'),(881,'Stevana','Fuente','sfuenten2@imdb.com','Female','5.111.67.158'),(882,'Javier','Fishleigh','jfishleighn3@acquirethisname.com','Male','175.222.44.157'),(883,'Dorry','Chese','dchesen4@narod.ru','Female','163.204.200.225'),(884,'Rosette','Sherwin','rsherwinn5@cpanel.net','Female','43.29.21.247'),(885,'Kiley','Gooderson','kgoodersonn6@google.es','Female','211.57.36.154'),(886,'Bryon','Loveguard','bloveguardn7@weibo.com','Male','190.223.7.33'),(887,'Sibyl','Milborn','smilbornn8@flickr.com','Male','129.93.85.77'),(888,'Cindra','Huffa','chuffan9@vistaprint.com','Female','103.20.155.75'),(889,'Koressa','Pescott','kpescottna@drupal.org','Female','240.241.88.20'),(890,'Zachary','Headon','zheadonnb@redcross.org','Male','128.145.89.192'),(891,'Clementine','Skae','cskaenc@wired.com','Female','221.192.173.250'),(892,'Averill','Ost','aostnd@exblog.jp','Male','160.169.147.144'),(893,'Jody','De Blasiis','jdeblasiisne@skype.com','Female','236.119.30.86'),(894,'Hamil','Rontsch','hrontschnf@friendfeed.com','Male','54.85.34.31'),(895,'Dante','Simkiss','dsimkissng@cbsnews.com','Male','130.130.103.106'),(896,'Cate','Swane','cswanenh@51.la','Female','39.192.132.61'),(897,'Arda','Peasegod','apeasegodni@acquirethisname.com','Female','233.14.20.255'),(898,'Georgena','Ashborn','gashbornnj@newsvine.com','Female','140.16.42.149'),(899,'Ethelbert','Warrack','ewarracknk@boston.com','Male','97.39.250.17'),(900,'Bethanne','Barrat','bbarratnl@nih.gov','Female','229.73.193.14'),(901,'Randolf','La Padula','rlapadulanm@buzzfeed.com','Male','184.157.75.152'),(902,'Johan','Kelsell','jkelsellnn@army.mil','Male','46.85.129.42'),(903,'Alisun','Belding','abeldingno@usatoday.com','Female','50.38.114.201'),(904,'Steffie','Kyrkeman','skyrkemannp@go.com','Female','24.221.67.52'),(905,'Alison','Rothwell','arothwellnq@businesswire.com','Female','71.24.190.189'),(906,'Essa','Guppy','eguppynr@cloudflare.com','Female','207.227.152.254'),(907,'Kimberli','Elis','kelisns@unicef.org','Female','137.228.253.74'),(908,'Reamonn','Charrington','rcharringtonnt@stumbleupon.com','Male','34.147.104.236'),(909,'Justinian','Okker','jokkernu@histats.com','Male','140.2.252.111'),(910,'Gabrila','McGruar','gmcgruarnv@guardian.co.uk','Female','100.253.245.7'),(911,'Sally','Saing','ssaingnw@phoca.cz','Female','38.7.135.83'),(912,'Hillery','Knappe','hknappenx@fda.gov','Male','90.197.237.63'),(913,'Perice','Saint','psaintny@usnews.com','Male','60.118.248.121'),(914,'Godard','Gresley','ggresleynz@tumblr.com','Male','139.19.217.246'),(915,'Lilias','Pallis','lpalliso0@biglobe.ne.jp','Female','133.55.155.131'),(916,'Lizabeth','Brandsma','lbrandsmao1@t.co','Female','16.2.60.36'),(917,'Ulysses','Spiller','uspillero2@army.mil','Male','81.41.81.153'),(918,'Kaleb','Meehan','kmeehano3@edublogs.org','Male','154.56.197.216'),(919,'Tudor','Eyeington','teyeingtono4@eventbrite.com','Male','236.235.15.184'),(920,'Arni','Skippings','askippingso5@imageshack.us','Male','247.25.131.34'),(921,'Clemmy','Summers','csummerso6@nasa.gov','Female','154.253.110.92'),(922,'Dollie','Hanshaw','dhanshawo7@senate.gov','Female','151.249.231.202'),(923,'Burton','Rushford','brushfordo8@twitter.com','Male','95.43.49.147'),(924,'Benjy','Iverson','biversono9@fc2.com','Male','162.75.88.183'),(925,'Lockwood','Dahmel','ldahmeloa@edublogs.org','Male','55.200.60.19'),(926,'Itch','Joska','ijoskaob@sbwire.com','Male','64.41.184.177'),(927,'Arlee','Devers','adeversoc@sphinn.com','Female','168.241.36.142'),(928,'Vina','Marrian','vmarrianod@wp.com','Female','44.148.180.192'),(929,'Ailis','Gunney','agunneyoe@istockphoto.com','Female','2.35.100.129'),(930,'Read','Kelleway','rkellewayof@pcworld.com','Male','235.224.50.3'),(931,'Tonia','Dyott','tdyottog@friendfeed.com','Female','154.170.132.60'),(932,'Octavia','Oldland','ooldlandoh@mtv.com','Female','14.122.215.250'),(933,'Juliet','Vogel','jvogeloi@fda.gov','Female','169.102.14.248'),(934,'Brandy','Ivatt','bivattoj@blogtalkradio.com','Female','107.90.226.112'),(935,'Celinda','Mattschas','cmattschasok@freewebs.com','Female','249.135.41.28'),(936,'Phillie','MacCaig','pmaccaigol@cornell.edu','Female','213.214.52.61'),(937,'Donella','Culpen','dculpenom@cdbaby.com','Female','32.209.55.207'),(938,'Min','Townend','mtownendon@fastcompany.com','Female','219.170.193.29'),(939,'Maximilian','Kelson','mkelsonoo@apple.com','Male','21.206.31.53'),(940,'Lancelot','Guiraud','lguiraudop@house.gov','Male','67.96.16.94'),(941,'Oren','Suggey','osuggeyoq@jigsy.com','Male','117.232.46.31'),(942,'Ezra','Dedenham','ededenhamor@theatlantic.com','Male','36.130.25.244'),(943,'Christina','Galton','cgaltonos@businessweek.com','Female','255.152.36.163'),(944,'Pia','Methven','pmethvenot@apache.org','Female','253.5.121.121'),(945,'Anatol','Le Grice','alegriceou@blogspot.com','Male','110.36.30.73'),(946,'Roslyn','Sarjant','rsarjantov@furl.net','Female','192.56.252.88'),(947,'Ravid','Kewley','rkewleyow@wordpress.org','Male','245.144.46.120'),(948,'Gretal','Kerrey','gkerreyox@google.es','Female','63.172.68.151'),(949,'Kincaid','Masding','kmasdingoy@a8.net','Male','146.151.172.119'),(950,'Boris','Blackford','bblackfordoz@dagondesign.com','Male','237.226.184.110'),(951,'Gisele','Gylle','ggyllep0@usatoday.com','Female','51.29.79.230'),(952,'Elwira','MacLaren','emaclarenp1@sohu.com','Female','188.97.186.218'),(953,'Syd','Pinckard','spinckardp2@mit.edu','Male','64.2.69.6'),(954,'Pancho','Whitelock','pwhitelockp3@amazon.co.uk','Male','152.219.123.56'),(955,'Kaylyn','O\'Cridigan','kocridiganp4@etsy.com','Female','142.151.211.128'),(956,'Bertie','Dykins','bdykinsp5@hostgator.com','Male','78.16.150.6'),(957,'Lenard','McQuilliam','lmcquilliamp6@reference.com','Male','117.39.92.84'),(958,'Stanfield','Rotlauf','srotlaufp7@exblog.jp','Male','71.74.43.89'),(959,'Kaitlyn','Jouandet','kjouandetp8@smh.com.au','Female','5.103.2.184'),(960,'Georgianna','Gilleon','ggilleonp9@usa.gov','Female','19.247.194.164'),(961,'Lauri','Cuvley','lcuvleypa@washingtonpost.com','Female','94.28.41.137'),(962,'Modesty','Peter','mpeterpb@netscape.com','Female','217.23.89.217'),(963,'Haily','Dilliston','hdillistonpc@xing.com','Female','230.3.44.208'),(964,'Hartwell','Billingsly','hbillingslypd@theglobeandmail.com','Male','28.7.226.40'),(965,'Emanuele','Young','eyoungpe@cdc.gov','Male','102.165.149.26'),(966,'Etienne','Sawl','esawlpf@army.mil','Male','23.143.229.230'),(967,'Cobb','McDonagh','cmcdonaghpg@360.cn','Male','36.28.140.228'),(968,'Adan','Readman','areadmanph@naver.com','Female','193.64.78.234'),(969,'Olvan','Eckly','oecklypi@ow.ly','Male','92.182.120.63'),(970,'Fidelia','Dicty','fdictypj@va.gov','Female','18.231.201.194'),(971,'Reinaldos','Sorrill','rsorrillpk@is.gd','Male','135.5.12.247'),(972,'Stacey','Borgnol','sborgnolpl@multiply.com','Female','192.63.253.79'),(973,'Garry','Artharg','garthargpm@columbia.edu','Male','132.20.74.186'),(974,'Adriena','Ghiron','aghironpn@acquirethisname.com','Female','181.141.80.254'),(975,'Georgeanne','Harsent','gharsentpo@smh.com.au','Female','223.22.142.100'),(976,'Sigismund','Poppleton','spoppletonpp@histats.com','Male','62.89.202.128'),(977,'Nevsa','Annetts','nannettspq@qq.com','Female','7.220.24.186'),(978,'Fran','Padberry','fpadberrypr@whitehouse.gov','Male','239.36.96.71'),(979,'Alexandre','Jamot','ajamotps@taobao.com','Male','60.147.183.18'),(980,'Guenevere','Winney','gwinneypt@oakley.com','Female','182.173.49.141'),(981,'Faustine','Thorwarth','fthorwarthpu@tinyurl.com','Female','194.12.187.157'),(982,'Freddi','Amor','famorpv@amazon.com','Female','174.79.144.105'),(983,'Artemus','Petrazzi','apetrazzipw@hostgator.com','Male','134.145.11.249'),(984,'Patrick','Densumbe','pdensumbepx@multiply.com','Male','121.20.81.107'),(985,'Gwyn','Lempel','glempelpy@answers.com','Female','52.73.84.164'),(986,'Reagan','Somersett','rsomersettpz@discovery.com','Male','189.109.177.74'),(987,'Starr','Longfellow','slongfellowq0@gnu.org','Female','229.5.250.243'),(988,'Irma','Wye','iwyeq1@woothemes.com','Female','113.165.166.147'),(989,'Rolph','Bafford','rbaffordq2@ehow.com','Male','189.249.219.72'),(990,'Symon','Giacomuzzi','sgiacomuzziq3@hc360.com','Male','117.68.248.238'),(991,'Mordy','Ellar','mellarq4@smugmug.com','Male','83.170.188.47'),(992,'Karie','Fidelli','kfidelliq5@canalblog.com','Female','62.200.250.107'),(993,'Joye','Hamnet','jhamnetq6@oaic.gov.au','Female','144.90.54.7'),(994,'Debor','Lutty','dluttyq7@sciencedaily.com','Female','13.222.115.189'),(995,'Kathy','Gutridge','kgutridgeq8@naver.com','Female','132.82.244.117'),(996,'Vlad','Floyd','vfloydq9@drupal.org','Male','207.162.154.225'),(997,'Kareem','Bourton','kbourtonqa@moonfruit.com','Male','72.167.130.55'),(998,'Rog','Collick','rcollickqb@reference.com','Male','250.70.151.214'),(999,'Monique','Densell','mdensellqc@aol.com','Female','193.139.50.62'),(1000,'Sylvia','Hallatt','shallattqd@apache.org','Female','48.111.12.22'),(1001,'Orville','Osburn','oosburnqe@bluehost.com','Male','89.56.7.85'),(1002,'Eudora','Davidovici','edavidoviciqf@quantcast.com','Female','187.167.156.117'),(1003,'Petr','Eagers','peagersqg@cbsnews.com','Male','163.175.41.214'),(1004,'Kassi','Scay','kscayqh@privacy.gov.au','Female','21.48.45.22'),(1005,'Lyon','Clempton','lclemptonqi@berkeley.edu','Male','229.33.151.134'),(1006,'Merell','Bartusek','mbartusekqj@dailymotion.com','Male','193.232.222.2'),(1007,'Tonia','Brownett','tbrownettqk@unblog.fr','Female','146.242.166.203'),(1008,'Jorry','Eastcourt','jeastcourtql@flickr.com','Female','159.169.72.27'),(1009,'Olly','Mounsie','omounsieqm@gov.uk','Male','185.98.128.27'),(1010,'Peder','Litton','plittonqn@51.la','Male','49.220.235.181'),(1011,'Nedda','Korfmann','nkorfmannqo@senate.gov','Female','8.90.144.10'),(1012,'Mel','Pedrielli','mpedrielliqp@altervista.org','Male','194.138.37.222'),(1013,'Vincenz','Rosbotham','vrosbothamqq@redcross.org','Male','133.180.92.89'),(1014,'Brianna','Limer','blimerqr@patch.com','Female','117.117.217.97'),(1015,'Berty','Comford','bcomfordqs@posterous.com','Female','199.103.2.40'),(1016,'Lacy','Ornelas','lornelasqt@arstechnica.com','Female','56.213.94.223'),(1017,'Korney','Lung','klungqu@tinypic.com','Female','172.136.94.60'),(1018,'Rustie','Boyat','rboyatqv@fema.gov','Male','66.204.247.57'),(1019,'Dian','Stoade','dstoadeqw@alibaba.com','Female','108.127.139.242'),(1020,'Morgan','Deniske','mdeniskeqx@deviantart.com','Male','141.135.49.173'),(1021,'Jo','Monan','jmonanqy@wikia.com','Male','196.39.217.133'),(1022,'Angelia','Mibourne','amibourneqz@woothemes.com','Female','203.29.230.79'),(1023,'Fowler','Vallender','fvallenderr0@w3.org','Male','39.74.230.151'),(1024,'Ardyce','Hamer','ahamerr1@paginegialle.it','Female','174.54.184.190'),(1025,'Lucius','Alvarado','lalvarador2@newsvine.com','Male','252.215.248.197'),(1026,'Jeno','Ryburn','jryburnr3@ftc.gov','Male','249.51.211.29'),(1027,'Cammy','Pashan','cpashanr4@weibo.com','Male','83.27.111.2'),(1028,'Tessie','Goering','tgoeringr5@fc2.com','Female','111.25.104.241'),(1029,'Rebe','Darbey','rdarbeyr6@va.gov','Female','123.117.239.34'),(1030,'Petronille','Eagland','peaglandr7@typepad.com','Female','57.102.110.16'),(1031,'Esra','Kees','ekeesr8@newyorker.com','Male','13.109.187.28'),(1032,'Denis','Tongue','dtonguer9@google.cn','Male','130.66.97.220'),(1033,'Cloe','Moogan','cmooganra@printfriendly.com','Female','21.162.87.10'),(1034,'Dena','Slisby','dslisbyrb@sciencedaily.com','Female','134.93.212.16'),(1035,'Drugi','Chesters','dchestersrc@odnoklassniki.ru','Male','234.65.239.169'),(1036,'Jannel','Needham','jneedhamrd@sfgate.com','Female','91.254.82.204'),(1037,'Chen','Reuther','creutherre@ovh.net','Male','136.241.30.204'),(1038,'Rufe','Sercombe','rsercomberf@geocities.jp','Male','88.94.215.83'),(1039,'Carmita','Guirardin','cguirardinrg@cnet.com','Female','13.133.248.255'),(1040,'Vivie','Heiton','vheitonrh@google.pl','Female','29.93.214.240'),(1041,'Farand','Chasier','fchasierri@amazonaws.com','Female','82.105.83.154'),(1042,'Gannon','Kneale','gknealerj@netscape.com','Male','164.166.32.143'),(1043,'Dougy','Ghiriardelli','dghiriardellirk@domainmarket.com','Male','208.187.179.92'),(1044,'Magda','Iban','mibanrl@blogtalkradio.com','Female','113.204.188.62'),(1045,'Leonidas','Rathke','lrathkerm@lulu.com','Male','130.222.61.91'),(1046,'Gaby','Jodlowski','gjodlowskirn@is.gd','Male','107.242.5.59'),(1047,'Dolli','Philpotts','dphilpottsro@biglobe.ne.jp','Female','154.172.74.32'),(1048,'Elisabetta','Klyn','eklynrp@mtv.com','Female','45.95.60.39'),(1049,'Jdavie','Havers','jhaversrq@blogger.com','Male','45.8.253.254'),(1050,'Kylynn','Babbe','kbabberr@cornell.edu','Female','164.211.228.140');
/*!40000 ALTER TABLE `users` ENABLE KEYS */;

--
-- Dumping routines for database 'db'
--
/*!40103 SET TIME_ZONE=@OLD_TIME_ZONE */;

/*!40101 SET SQL_MODE=@OLD_SQL_MODE */;
/*!40014 SET FOREIGN_KEY_CHECKS=@OLD_FOREIGN_KEY_CHECKS */;
/*!40014 SET UNIQUE_CHECKS=@OLD_UNIQUE_CHECKS */;
/*!40101 SET CHARACTER_SET_CLIENT=@OLD_CHARACTER_SET_CLIENT */;
/*!40101 SET CHARACTER_SET_RESULTS=@OLD_CHARACTER_SET_RESULTS */;
/*!40101 SET COLLATION_CONNECTION=@OLD_COLLATION_CONNECTION */;
/*!40111 SET SQL_NOTES=@OLD_SQL_NOTES */;

-- Dump completed on 2023-12-12 15:07:43
